material_id,batch_id,stock_type,quantity,goods_receipt_date,manufacture_date,expiration_date,expected_quality_release_date,storage_location
RM-001,RM-001-B01,UNRESTRICTED,200,2025-09-29,2025-09-16,2027-06-08,,CR01
RM-001,RM-001-B02,UNRESTRICTED,80,2025-10-25,2025-09-23,2027-06-15,,CR01
RM-001,RM-001-B03,UNRESTRICTED,50,2025-10-26,2025-10-19,2027-07-11,,CR01
RM-001,RM-001-B04,UNRESTRICTED,50,2025-11-06,2025-09-24,2027-06-16,,CR01
RM-001,RM-001-B05,QUALITY_INSPECTION,60,2026-01-01,2025-11-16,2027-08-08,2026-01-09,CR01
RM-002,RM-002-B01,UNRESTRICTED,540,2025-09-27,2025-08-10,2027-07-31,,CR01
RM-002,RM-002-B02,UNRESTRICTED,100,2025-10-06,2025-08-12,2027-08-02,,CR01
RM-002,RM-002-B03,UNRESTRICTED,260,2025-10-07,2025-09-12,2027-09-02,,CR01
RM-002,RM-002-B04,UNRESTRICTED,260,2025-10-18,2025-09-27,2027-09-17,,CR01
RM-003,RM-003-B01,UNRESTRICTED,700,2025-12-07,2025-10-22,2028-02-09,,CR01
RM-003,RM-003-B02,QUALITY_INSPECTION,160,2026-01-01,2025-12-19,2028-04-07,2026-01-13,CR01
RM-004,RM-004-B01,UNRESTRICTED,40,2025-09-20,2025-08-10,2028-03-27,,CR01
RM-004,RM-004-B02,UNRESTRICTED,30,2025-11-26,2025-10-05,2028-05-22,,CR01
RM-004,RM-004-B03,UNRESTRICTED,30,2025-12-13,2025-11-30,2028-07-17,,CR01
RM-005,RM-005-B01,UNRESTRICTED,15,2025-09-16,2025-08-01,2028-02-17,,WH01
RM-005,RM-005-B02,BLOCKED,5,2025-10-01,2025-08-26,2028-03-13,,WH01
RM-005,RM-005-B03,UNRESTRICTED,10,2025-11-07,2025-10-04,2028-04-21,,WH01
RM-006,RM-006-B01,UNRESTRICTED,5,2025-09-17,2025-09-09,2028-03-27,,WH01
RM-006,RM-006-B02,UNRESTRICTED,5,2025-11-25,2025-10-14,2028-05-01,,WH01
RM-006,RM-006-B03,UNRESTRICTED,5,2025-12-10,2025-12-01,2028-06-18,,WH01
RM-006,RM-006-B04,UNRESTRICTED,5,2025-12-26,2025-10-31,2028-05-18,,WH01
RM-006,RM-006-B05,UNRESTRICTED,5,2025-12-27,2025-12-20,2028-07-07,,WH01
RM-007,RM-007-B01,UNRESTRICTED,10,2025-09-24,2025-08-24,2028-05-10,,CR01
RM-007,RM-007-B02,UNRESTRICTED,35,2025-12-06,2025-11-23,2028-08-09,,CR01
RM-007,RM-007-B03,UNRESTRICTED,15,2025-12-25,2025-11-24,2028-08-10,,CR01
RM-008,RM-008-B01,UNRESTRICTED,20,2025-10-04,2025-08-25,2027-10-14,,CR01
RM-008,RM-008-B02,UNRESTRICTED,30,2025-10-29,2025-08-31,2027-10-20,,CR01
RM-008,RM-008-B03,UNRESTRICTED,40,2025-10-30,2025-10-21,2027-12-10,,CR01
RM-009,RM-009-B01,UNRESTRICTED,20,2025-10-31,2025-10-20,2026-11-14,,CR01
RM-009,RM-009-B02,UNRESTRICTED,50,2025-11-05,2025-10-18,2026-11-12,,CR01
RM-009,RM-009-B03,QUALITY_INSPECTION,30,2025-12-31,2025-11-07,2026-12-02,2026-01-08,CR01
RM-010,RM-010-B01,UNRESTRICTED,1600,2025-11-08,2025-10-01,2027-04-24,,WH01
RM-011,RM-011-B01,UNRESTRICTED,110,2025-11-08,2025-09-20,2027-05-13,,WH01
RM-011,RM-011-B02,UNRESTRICTED,350,2025-11-21,2025-10-12,2027-06-04,,WH01
RM-011,RM-011-B03,UNRESTRICTED,100,2025-12-08,2025-11-26,2027-07-19,,WH01
RM-012,RM-012-B01,UNRESTRICTED,225,2025-11-23,2025-10-29,2026-12-23,,WH01
RM-012,RM-012-B02,UNRESTRICTED,400,2025-12-18,2025-11-29,2027-01-23,,WH01
RM-012,RM-012-B03,QUALITY_INSPECTION,200,2026-01-05,2025-11-29,2027-01-23,2026-01-12,WH01
RM-013,RM-013-B01,UNRESTRICTED,50,2025-10-05,2025-08-29,2027-08-19,,WH01
RM-013,RM-013-B02,UNRESTRICTED,70,2025-10-15,2025-08-18,2027-08-08,,WH01
RM-013,RM-013-B03,UNRESTRICTED,90,2025-10-30,2025-09-10,2027-08-31,,WH01
RM-014,RM-014-B01,UNRESTRICTED,520,2025-09-17,2025-09-10,2027-05-03,,WH01
RM-014,RM-014-B02,UNRESTRICTED,120,2025-10-07,2025-09-14,2027-05-07,,WH01
RM-014,RM-014-B03,UNRESTRICTED,140,2025-11-03,2025-10-18,2027-06-10,,WH01
RM-014,RM-014-B04,UNRESTRICTED,200,2025-11-09,2025-09-19,2027-05-12,,WH01
RM-014,RM-014-B05,UNRESTRICTED,380,2025-12-21,2025-11-04,2027-06-27,,WH01
RM-015,RM-015-B01,UNRESTRICTED,200,2025-10-12,2025-09-28,2027-09-18,,WH01
RM-015,RM-015-B02,UNRESTRICTED,75,2025-10-22,2025-09-04,2027-08-25,,WH01
RM-015,RM-015-B03,BLOCKED,50,2025-11-15,2025-09-20,2027-09-10,,WH01
RM-015,RM-015-B04,QUALITY_INSPECTION,225,2026-01-01,2025-11-15,2027-11-05,2026-01-08,WH01
RM-016,RM-016-B01,UNRESTRICTED,625,2025-11-03,2025-10-19,2028-10-03,,WH01
RM-017,RM-017-B01,UNRESTRICTED,10,2025-09-16,2025-09-08,2026-12-02,,WH01
RM-017,RM-017-B02,UNRESTRICTED,55,2025-11-11,2025-09-20,2026-12-14,,WH01
RM-018,RM-018-B01,UNRESTRICTED,20,2025-11-02,2025-10-01,2027-05-24,,WH01
RM-019,RM-019-B01,UNRESTRICTED,625,2025-09-17,2025-08-31,2027-04-23,,WH01
RM-019,RM-019-B02,QUALITY_INSPECTION,175,2025-12-30,2025-10-31,2027-06-23,2026-01-12,WH01
RM-020,RM-020-B01,UNRESTRICTED,8,2025-10-08,2025-09-12,2027-12-31,,CR01
RM-020,RM-020-B02,UNRESTRICTED,5,2025-10-21,2025-10-11,2028-01-29,,CR01
RM-020,RM-020-B03,QUALITY_INSPECTION,5,2025-12-31,2025-11-25,2028-03-14,2026-01-07,CR01
RM-021,RM-021-B01,UNRESTRICTED,75,2025-10-22,2025-10-09,2028-02-26,,WH01
RM-021,RM-021-B02,UNRESTRICTED,100,2025-11-03,2025-10-11,2028-02-28,,WH01
RM-022,RM-022-B01,UNRESTRICTED,290,2025-10-17,2025-09-06,2026-12-30,,WH01
RM-022,RM-022-B02,UNRESTRICTED,420,2025-11-11,2025-10-26,2027-02-18,,WH01
SU-001,SU-001-B01,UNRESTRICTED,8,2025-12-30,2025-12-16,2029-03-30,,WH02
SU-001,SU-001-B02,QUALITY_INSPECTION,3,2026-01-03,2025-11-27,2029-03-11,2026-01-07,WH02
SU-002,SU-002-B01,UNRESTRICTED,1,2025-09-08,2025-07-22,2029-01-02,,WH02
SU-002,SU-002-B02,UNRESTRICTED,3,2025-10-18,2025-08-24,2029-02-04,,WH02
SU-003,SU-003-B01,UNRESTRICTED,2,2025-09-08,2025-08-24,2030-03-01,,WH02
SU-003,SU-003-B02,UNRESTRICTED,8,2025-09-22,2025-09-10,2030-03-18,,WH02
SU-003,SU-003-B03,UNRESTRICTED,6,2025-11-29,2025-10-09,2030-04-16,,WH02
SU-004,SU-004-B01,UNRESTRICTED,28,2025-09-23,2025-08-22,2030-04-28,,WH02
SU-004,SU-004-B02,BLOCKED,2,2025-12-06,2025-11-07,2030-07-14,,WH02
SU-004,SU-004-B03,QUALITY_INSPECTION,6,2026-01-05,2025-11-07,2030-07-14,2026-01-07,WH02
SU-005,SU-005-B01,UNRESTRICTED,16,2025-09-30,2025-08-13,2030-06-18,,WH02
SU-005,SU-005-B02,UNRESTRICTED,16,2025-10-03,2025-09-26,2030-08-01,,WH02
SU-005,SU-005-B03,UNRESTRICTED,16,2025-10-10,2025-08-29,2030-07-04,,WH02
SU-005,SU-005-B04,QUALITY_INSPECTION,12,2026-01-03,2025-11-18,2030-09-23,2026-01-06,WH02
SU-006,SU-006-B01,UNRESTRICTED,28,2025-10-12,2025-08-18,2030-05-24,,WH02
SU-006,SU-006-B02,UNRESTRICTED,12,2025-10-22,2025-09-09,2030-06-15,,WH02
SU-006,SU-006-B03,UNRESTRICTED,8,2025-12-03,2025-11-14,2030-08-20,,WH02
SU-006,SU-006-B04,QUALITY_INSPECTION,8,2026-01-04,2025-11-12,2030-08-18,2026-01-08,WH02
SU-007,SU-007-B01,UNRESTRICTED,20,2025-11-28,2025-10-06,2030-09-10,,WH02
SU-007,SU-007-B02,UNRESTRICTED,90,2025-12-11,2025-10-29,2030-10-03,,WH02
SU-008,SU-008-B01,UNRESTRICTED,48,2025-10-31,2025-10-17,2028-09-01,,WH02
SU-008,SU-008-B02,UNRESTRICTED,36,2025-12-19,2025-11-11,2028-09-26,,WH02
SU-009,SU-009-B01,UNRESTRICTED,6,2025-09-11,2025-07-15,2030-06-19,,WH02
SU-009,SU-009-B02,UNRESTRICTED,18,2025-10-06,2025-09-02,2030-08-07,,WH02
SU-009,SU-009-B03,UNRESTRICTED,18,2025-10-31,2025-09-02,2030-08-07,,WH02
SU-009,SU-009-B04,UNRESTRICTED,12,2025-11-14,2025-09-21,2030-08-26,,WH02
SU-009,SU-009-B05,UNRESTRICTED,12,2025-11-18,2025-10-18,2030-09-22,,WH02
SU-010,SU-010-B01,UNRESTRICTED,18,2025-11-21,2025-09-28,2030-06-04,,WH02
SU-010,SU-010-B02,UNRESTRICTED,6,2025-12-24,2025-11-17,2030-07-24,,WH02
SU-010,SU-010-B03,UNRESTRICTED,15,2025-12-31,2025-12-09,2030-08-15,,WH02
SU-010,SU-010-B04,QUALITY_INSPECTION,9,2026-01-04,2025-11-16,2030-07-23,2026-01-09,WH02
SU-011,SU-011-B01,UNRESTRICTED,21,2025-09-07,2025-08-08,2029-10-16,,WH02
SU-011,SU-011-B02,UNRESTRICTED,21,2025-09-12,2025-07-25,2029-10-02,,WH02
SU-011,SU-011-B03,UNRESTRICTED,21,2025-10-17,2025-09-23,2029-12-01,,WH02
SU-011,SU-011-B04,QUALITY_INSPECTION,9,2026-01-03,2025-11-07,2030-01-15,2026-01-07,WH02
SU-012,SU-012-B01,UNRESTRICTED,11,2025-11-27,2025-11-18,2028-08-04,,WH02
SU-013,SU-013-B01,UNRESTRICTED,31,2025-11-09,2025-09-17,2028-08-02,,CR02
SU-013,SU-013-B02,QUALITY_INSPECTION,4,2026-01-05,2025-11-25,2028-10-10,2026-01-09,CR02
SU-014,SU-014-B01,UNRESTRICTED,200,2025-09-09,2025-08-17,2029-02-27,,WH02
SU-015,SU-015-B01,UNRESTRICTED,110,2026-01-03,2025-12-22,2028-11-06,,WH02
SU-015,SU-015-B02,QUALITY_INSPECTION,30,2026-01-04,2025-12-14,2028-10-29,2026-01-06,WH02
SU-016,SU-016-B01,UNRESTRICTED,100,2025-12-05,2025-11-11,2029-08-22,,WH02
SU-016,SU-016-B02,QUALITY_INSPECTION,40,2026-01-03,2025-12-14,2029-09-24,2026-01-08,WH02
SU-017,SU-017-B01,UNRESTRICTED,40,2025-09-16,2025-09-05,2029-05-17,,WH02
SU-017,SU-017-B02,UNRESTRICTED,60,2025-11-24,2025-10-31,2029-07-12,,WH02
SU-017,SU-017-B03,UNRESTRICTED,20,2025-12-16,2025-12-08,2029-08-19,,WH02
SU-018,SU-018-B01,UNRESTRICTED,340,2025-12-21,2025-11-14,2028-09-29,,WH02
SU-018,SU-018-B02,QUALITY_INSPECTION,140,2026-01-04,2025-11-27,2028-10-12,2026-01-09,WH02
SU-019,SU-019-B01,UNRESTRICTED,18,2025-09-08,2025-08-28,2029-06-08,,WH02
SU-019,SU-019-B02,UNRESTRICTED,48,2025-10-21,2025-08-26,2029-06-06,,WH02
SU-019,SU-019-B03,UNRESTRICTED,24,2025-11-21,2025-10-06,2029-07-17,,WH02
SU-019,SU-019-B04,QUALITY_INSPECTION,30,2026-01-03,2025-12-19,2029-09-29,2026-01-06,WH02
SU-020,SU-020-B01,UNRESTRICTED,18,2025-09-24,2025-08-10,2027-11-28,,WH02
SU-020,SU-020-B02,UNRESTRICTED,6,2025-09-27,2025-09-03,2027-12-22,,WH02
SU-020,SU-020-B03,UNRESTRICTED,18,2025-11-27,2025-10-12,2028-01-30,,WH02
SU-020,SU-020-B04,UNRESTRICTED,6,2025-12-17,2025-10-23,2028-02-10,,WH02
SU-021,SU-021-B01,BLOCKED,6,2025-09-07,2025-07-31,2029-07-10,,WH02
SU-021,SU-021-B02,UNRESTRICTED,54,2025-10-12,2025-08-17,2029-07-27,,WH02
SU-021,SU-021-B03,QUALITY_INSPECTION,24,2026-01-05,2025-11-30,2029-11-09,2026-01-10,WH02
SU-022,SU-022-B01,UNRESTRICTED,100,2025-11-15,2025-10-11,2030-04-18,,WH02
SU-023,SU-023-B01,UNRESTRICTED,60,2025-10-24,2025-10-15,2028-03-03,,WH02
SU-023,SU-023-B02,BLOCKED,6,2025-12-05,2025-10-14,2028-03-02,,WH02
SU-023,SU-023-B03,QUALITY_INSPECTION,30,2026-01-03,2025-12-19,2028-05-07,2026-01-08,WH02
PK-001,PK-001-B01,UNRESTRICTED,25000,2025-10-04,2025-08-28,2030-06-03,,WH03
PK-001,PK-001-B02,UNRESTRICTED,85000,2025-11-29,2025-10-13,2030-07-19,,WH03
PK-002,PK-002-B01,UNRESTRICTED,10000,2025-09-23,2025-07-25,2029-07-04,,WH03
PK-002,PK-002-B02,UNRESTRICTED,10000,2025-12-07,2025-10-12,2029-09-21,,WH03
PK-002,PK-002-B03,UNRESTRICTED,5000,2025-12-09,2025-10-27,2029-10-06,,WH03
PK-002,PK-002-B04,UNRESTRICTED,5000,2025-12-28,2025-12-07,2029-11-16,,WH03
PK-002,PK-002-B05,QUALITY_INSPECTION,50000,2025-12-30,2025-12-10,2029-11-19,2026-01-06,WH03
PK-003,PK-003-B01,UNRESTRICTED,38000,2025-10-02,2025-08-08,2029-03-20,,WH03
PK-003,PK-003-B02,UNRESTRICTED,24000,2025-10-12,2025-08-20,2029-04-01,,WH03
PK-003,PK-003-B03,UNRESTRICTED,18000,2025-11-11,2025-10-30,2029-06-11,,WH03
PK-004,PK-004-B01,UNRESTRICTED,15000,2025-10-07,2025-09-12,2030-02-18,,WH03
PK-004,PK-004-B02,UNRESTRICTED,20000,2025-10-23,2025-09-16,2030-02-22,,WH03
PK-004,PK-004-B03,UNRESTRICTED,15000,2025-10-26,2025-09-29,2030-03-07,,WH03
PK-004,PK-004-B04,QUALITY_INSPECTION,35000,2026-01-04,2025-12-28,2030-06-05,2026-01-07,WH03
PK-005,PK-005-B01,BLOCKED,10000,2025-09-09,2025-08-23,2028-10-06,,WH03
PK-005,PK-005-B02,UNRESTRICTED,10000,2025-10-24,2025-08-31,2028-10-14,,WH03
PK-005,PK-005-B03,UNRESTRICTED,15000,2025-11-05,2025-10-19,2028-12-02,,WH03
PK-005,PK-005-B04,UNRESTRICTED,10000,2025-11-06,2025-09-20,2028-11-03,,WH03
PK-005,PK-005-B05,UNRESTRICTED,10000,2025-11-20,2025-10-29,2028-12-12,,WH03
PK-006,PK-006-B01,UNRESTRICTED,8000,2025-10-04,2025-09-11,2030-04-18,,WH03
PK-006,PK-006-B02,UNRESTRICTED,60000,2025-11-28,2025-11-05,2030-06-12,,WH03
PK-006,PK-006-B03,UNRESTRICTED,24000,2025-12-27,2025-12-13,2030-07-20,,WH03
PK-007,PK-007-B01,UNRESTRICTED,20000,2025-11-01,2025-09-16,2029-01-28,,WH03
PK-007,PK-007-B02,UNRESTRICTED,40000,2025-11-09,2025-10-25,2029-03-08,,WH03
PK-007,PK-007-B03,UNRESTRICTED,10000,2025-11-18,2025-10-11,2029-02-22,,WH03
PK-007,PK-007-B04,UNRESTRICTED,25000,2025-12-19,2025-10-27,2029-03-10,,WH03
PK-007,PK-007-B05,UNRESTRICTED,15000,2025-12-22,2025-12-02,2029-04-15,,WH03
PK-008,PK-008-B01,UNRESTRICTED,76000,2025-11-15,2025-10-07,2030-08-12,,WH03
PK-008,PK-008-B02,QUALITY_INSPECTION,26000,2026-01-01,2025-12-03,2030-10-08,2026-01-06,WH03
PK-009,PK-009-B01,UNRESTRICTED,20000,2025-10-06,2025-09-11,2030-05-18,,WH03
PK-009,PK-009-B02,UNRESTRICTED,10000,2025-10-27,2025-09-03,2030-05-10,,WH03
PK-009,PK-009-B03,UNRESTRICTED,10000,2025-10-31,2025-09-26,2030-06-02,,WH03
PK-009,PK-009-B04,QUALITY_INSPECTION,95000,2026-01-03,2025-12-14,2030-08-20,2026-01-06,WH03
PK-010,PK-010-B01,UNRESTRICTED,95000,2025-09-13,2025-08-22,2029-04-03,,WH03
PK-010,PK-010-B02,QUALITY_INSPECTION,80000,2026-01-02,2025-12-02,2029-07-14,2026-01-09,WH03
PK-011,PK-011-B01,BLOCKED,30000,2025-09-11,2025-08-24,2029-12-01,,WH03
PK-011,PK-011-B02,UNRESTRICTED,130000,2025-12-14,2025-11-29,2030-03-08,,WH03
PK-011,PK-011-B03,QUALITY_INSPECTION,80000,2026-01-03,2025-11-28,2030-03-07,2026-01-09,WH03
PK-012,PK-012-B01,UNRESTRICTED,160000,2025-12-18,2025-12-08,2030-07-15,,WH03
PK-012,PK-012-B02,QUALITY_INSPECTION,90000,2026-01-03,2025-11-05,2030-06-12,2026-01-08,WH03
PK-013,PK-013-B01,UNRESTRICTED,9000,2025-10-14,2025-09-19,2029-04-01,,WH03
PK-013,PK-013-B02,UNRESTRICTED,2000,2025-10-28,2025-10-19,2029-05-01,,WH03
PK-013,PK-013-B03,QUALITY_INSPECTION,25000,2026-01-02,2025-12-08,2029-06-20,2026-01-06,WH03
PK-014,PK-014-B01,UNRESTRICTED,9000,2025-10-01,2025-09-03,2030-02-09,,WH03
PK-014,PK-014-B02,UNRESTRICTED,2000,2025-11-09,2025-09-20,2030-02-26,,WH03
PK-014,PK-014-B03,UNRESTRICTED,3000,2025-12-15,2025-10-27,2030-04-04,,WH03
PK-014,PK-014-B04,UNRESTRICTED,4000,2025-12-17,2025-11-17,2030-04-25,,WH03
PK-015,PK-015-B01,UNRESTRICTED,100,2025-10-17,2025-09-08,2030-01-15,,WH03
PK-015,PK-015-B02,UNRESTRICTED,520,2025-12-25,2025-11-23,2030-04-01,,WH03
