material_id,material_description,material_category,base_uom,supplier_id,procurement_type,planned_delivery_days,gr_processing_days,safety_stock_qty,minimum_order_qty,rounding_value,lot_size_rule,minimum_remaining_shelf_life_days,criticality,sole_source_flag,unit_cost,shelf_life_days,storage_condition
RM-001,"Chemically Defined CHO Basal Medium, Powder, 10 kg",RAW_PROCESS,KG,SUP-001,F,28,8,78,100,10,FX,210,HIGH,Y,410.0,630,2-8 C
RM-002,"CHO Feed Supplement A, Liquid, 20 L",RAW_PROCESS,L,SUP-001,F,42,7,87,200,20,EX,240,MEDIUM,Y,95.0,720,2-8 C
RM-003,"CHO Feed Supplement B, Liquid, 20 L",RAW_PROCESS,L,SUP-001,F,28,12,121,200,20,MB,270,HIGH,N,120.0,840,2-8 C
RM-004,"L-Glutamine Solution 200 mM, 1 L",RAW_PROCESS,L,SUP-001,F,35,10,29,50,10,EX,330,MEDIUM,Y,38.0,960,2-8 C
RM-005,"Poloxamer 188, Cell Culture Grade, 1 kg",RAW_PROCESS,KG,SUP-004,F,63,8,6,20,5,FX,300,MEDIUM,N,145.0,930,15-25 C
RM-006,"Antifoam Emulsion, Low-Silicone, 1 kg",RAW_PROCESS,KG,SUP-004,F,56,9,6,10,5,EX,300,HIGH,N,88.0,930,15-25 C
RM-007,"Protein A Affinity Resin, 5 L",RAW_PROCESS,L,SUP-003,F,63,7,15,20,5,EX,330,MEDIUM,N,9800.0,990,2-8 C
RM-008,"Cation Exchange Resin, 10 L",RAW_PROCESS,L,SUP-003,F,63,11,28,40,10,EX,270,HIGH,Y,1650.0,780,2-8 C
RM-009,"Anion Exchange Resin, 10 L",RAW_PROCESS,L,SUP-003,F,77,8,23,40,10,MB,120,HIGH,Y,1420.0,390,2-8 C
RM-010,"Sodium Chloride, Multi-Compendial, 25 kg",RAW_PROCESS,KG,SUP-002,F,70,14,382,500,25,EX,180,MEDIUM,N,4.5,570,15-25 C
RM-011,"Tris Base, USP/EP, 10 kg",RAW_PROCESS,KG,SUP-002,F,84,12,117,200,10,MB,210,HIGH,N,32.0,600,15-25 C
RM-012,"Sodium Acetate Trihydrate, USP, 25 kg",RAW_PROCESS,KG,SUP-002,F,63,7,201,250,25,EX,150,HIGH,N,11.0,420,15-25 C
RM-013,"Glacial Acetic Acid, Multi-Compendial, 2.5 L",RAW_PROCESS,L,SUP-002,F,84,11,41,100,10,FX,240,HIGH,N,26.0,720,15-25 C
RM-014,"Sodium Hydroxide 50% Solution, 20 L",RAW_PROCESS,L,SUP-002,F,70,8,296,400,20,EX,210,HIGH,N,7.5,600,15-25 C
RM-015,"Sodium Citrate Dihydrate, USP, 25 kg",RAW_PROCESS,KG,SUP-002,F,70,7,243,250,25,MB,240,HIGH,N,9.0,720,15-25 C
RM-016,"Sodium Phosphate Monobasic, USP, 25 kg",RAW_PROCESS,KG,SUP-002,F,77,13,211,250,25,FX,360,HIGH,N,14.0,1080,15-25 C
RM-017,"L-Histidine, Low-Endotoxin, 5 kg",RAW_PROCESS,KG,SUP-005,F,56,9,9,25,5,MB,150,HIGH,N,210.0,450,15-25 C
RM-018,"L-Arginine Hydrochloride, Low-Endotoxin, 5 kg",RAW_PROCESS,KG,SUP-005,F,49,12,18,25,5,EX,210,MEDIUM,N,165.0,600,15-25 C
RM-019,"Sucrose, Low-Endotoxin, 25 kg",RAW_PROCESS,KG,SUP-005,F,42,13,201,250,25,EX,210,MEDIUM,N,18.0,600,15-25 C
RM-020,"Polysorbate 80, High-Purity Grade, 1 kg",RAW_PROCESS,KG,SUP-005,F,56,7,2,5,1,EX,270,HIGH,N,520.0,840,2-8 C
RM-021,"Glycine, Multi-Compendial, 25 kg",RAW_PROCESS,KG,SUP-005,F,42,10,133,250,25,EX,300,MEDIUM,N,12.0,870,15-25 C
RM-022,"Hydrochloric Acid 1 N Solution, 10 L",RAW_PROCESS,L,SUP-004,F,42,13,190,200,10,EX,150,HIGH,N,9.5,480,15-25 C
SU-001,"Single-Use Bioreactor Bag, 2000 L",SINGLE_USE,EA,SUP-006,F,133,4,1,4,1,MB,390,MEDIUM,Y,14500.0,1200,15-25 C
SU-002,"Single-Use Bioreactor Bag, 500 L",SINGLE_USE,EA,SUP-006,F,126,3,3,4,1,MB,420,HIGH,Y,6200.0,1260,15-25 C
SU-003,"Seed Bioreactor Bag, 50 L",SINGLE_USE,EA,SUP-006,F,140,3,3,6,2,EX,540,HIGH,N,1850.0,1650,15-25 C
SU-004,"Single-Use Mixer Bag, 1000 L",SINGLE_USE,EA,SUP-006,F,126,2,2,6,2,EX,570,HIGH,N,3900.0,1710,15-25 C
SU-005,"Media Storage Bag, 3D, 200 L",SINGLE_USE,EA,SUP-010,F,42,3,9,12,4,FX,600,HIGH,N,780.0,1770,15-25 C
SU-006,"Buffer Storage Bag, 3D, 500 L",SINGLE_USE,EA,SUP-010,F,56,4,5,10,2,EX,570,HIGH,N,1150.0,1740,15-25 C
SU-007,"Harvest Collection Bag, 2D, 50 L",SINGLE_USE,EA,SUP-010,F,49,3,18,20,10,MB,600,MEDIUM,N,310.0,1800,15-25 C
SU-008,"Freeze-Thaw Bag, 6 L",SINGLE_USE,EA,SUP-010,F,49,4,16,24,12,EX,360,MEDIUM,N,265.0,1050,15-25 C
SU-009,"Sterilizing-Grade Filter Capsule, 0.2 um, 10 in",SINGLE_USE,EA,SUP-007,F,42,2,8,24,6,EX,600,MEDIUM,N,690.0,1800,15-25 C
SU-010,"Sterilizing-Grade Filter Capsule, 0.2 um, 30 in",SINGLE_USE,EA,SUP-007,F,63,5,11,12,3,EX,570,HIGH,N,1540.0,1710,15-25 C
SU-011,"Depth Filter Capsule, Primary Clarification, 1.1 m2",SINGLE_USE,EA,SUP-007,F,49,4,7,12,3,EX,510,HIGH,N,1280.0,1530,15-25 C
SU-012,"Virus Retentive Filter, 20 nm, 1 m2",SINGLE_USE,EA,SUP-007,F,56,5,2,6,1,MB,330,HIGH,Y,5600.0,990,15-25 C
SU-013,"TFF Cassette, 30 kDa PES, 2.5 m2",SINGLE_USE,EA,SUP-007,F,49,4,5,6,1,EX,360,MEDIUM,N,4100.0,1050,2-8 C
SU-014,"Aseptic Connector, 1/2 in Hose Barb",SINGLE_USE,EA,SUP-008,F,112,3,40,100,25,EX,420,HIGH,N,145.0,1290,15-25 C
SU-015,"Platinum-Cured Silicone Tubing Assembly, 3/8 in, 3 m",SINGLE_USE,EA,SUP-008,F,112,2,39,50,10,EX,360,MEDIUM,N,210.0,1050,15-25 C
SU-016,"Thermoplastic Weldable Tubing Assembly, 1/2 in, 2 m",SINGLE_USE,EA,SUP-008,F,112,5,22,50,10,MB,450,MEDIUM,N,175.0,1380,15-25 C
SU-017,"Sampling Manifold, 6-Port, Gamma Irradiated",SINGLE_USE,EA,SUP-008,F,105,4,16,40,10,EX,450,HIGH,N,330.0,1350,15-25 C
SU-018,"PETG Media Bottle Assembly, 1 L",SINGLE_USE,EA,SUP-008,F,126,5,128,200,20,EX,360,MEDIUM,N,48.0,1050,15-25 C
SU-019,"Transfer Line Assembly, 1 in, with Sterile Connectors",SINGLE_USE,EA,SUP-008,F,112,3,28,30,6,EX,450,MEDIUM,N,460.0,1380,15-25 C
SU-020,Single-Use pH Sensor,SINGLE_USE,EA,SUP-009,F,63,5,10,24,6,EX,270,MEDIUM,Y,395.0,840,15-25 C
SU-021,Single-Use Dissolved Oxygen Sensor,SINGLE_USE,EA,SUP-009,F,56,5,21,24,6,EX,480,HIGH,Y,420.0,1440,15-25 C
SU-022,Single-Use Pressure Sensor,SINGLE_USE,EA,SUP-009,F,70,3,34,40,10,EX,540,HIGH,N,185.0,1650,15-25 C
SU-023,Single-Use Conductivity Sensor,SINGLE_USE,EA,SUP-009,F,77,5,22,30,6,EX,300,HIGH,N,240.0,870,15-25 C
PK-001,"Type I Borosilicate Glass Vial, 10 mL, 20 mm Finish",PACKAGING,EA,SUP-011,F,63,7,30886,50000,5000,FX,570,HIGH,N,0.42,1740,15-25 C
PK-002,"Type I Borosilicate Glass Vial, 2R",PACKAGING,EA,SUP-011,F,77,7,18685,50000,5000,EX,480,HIGH,N,0.31,1440,15-25 C
PK-003,"Prefilled Syringe Barrel, 1 mL Long, Staked Needle",PACKAGING,EA,SUP-011,F,63,4,16028,40000,2000,MB,450,HIGH,Y,0.95,1320,15-25 C
PK-004,"Chlorobutyl Lyophilization Stopper, 20 mm, Ready-to-Use",PACKAGING,EA,SUP-012,F,98,3,19042,50000,5000,EX,540,HIGH,N,0.18,1620,15-25 C
PK-005,"Bromobutyl Serum Stopper, 13 mm, Ready-to-Use",PACKAGING,EA,SUP-012,F,91,7,35690,50000,5000,FX,390,MEDIUM,N,0.14,1140,15-25 C
PK-006,"Syringe Plunger Stopper, 1 mL, Coated",PACKAGING,EA,SUP-012,F,112,4,26127,40000,2000,MB,570,HIGH,N,0.22,1680,15-25 C
PK-007,"Aluminum Flip-Off Seal, 20 mm, Blue",PACKAGING,EA,SUP-012,F,112,5,23286,50000,5000,FX,420,MEDIUM,N,0.06,1230,15-25 C
PK-008,"Rigid Needle Shield, 1 mL Syringe",PACKAGING,EA,SUP-012,F,112,5,13379,40000,2000,FX,600,HIGH,N,0.12,1770,15-25 C
PK-009,"Printed Vial Label, Product Strength A",PACKAGING,EA,SUP-013,F,77,3,33637,100000,5000,MB,570,HIGH,N,0.04,1710,15-25 C
PK-010,"Printed Vial Label, Product Strength B",PACKAGING,EA,SUP-013,F,91,7,93186,100000,5000,MB,450,MEDIUM,N,0.04,1320,15-25 C
PK-011,Tamper-Evident Carton Seal Label,PACKAGING,EA,SUP-013,F,91,6,84530,100000,10000,EX,510,MEDIUM,N,0.02,1560,15-25 C
PK-012,"Patient Information Leaflet, Folded",PACKAGING,EA,SUP-013,F,77,5,90030,100000,10000,FX,570,MEDIUM,N,0.03,1680,15-25 C
PK-013,"Folding Carton, 1-Vial Pack",PACKAGING,EA,SUP-014,F,84,4,9946,25000,1000,FX,420,MEDIUM,N,0.21,1290,15-25 C
PK-014,"Thermoformed Vial Tray, 10-Count",PACKAGING,EA,SUP-014,F,91,4,11145,20000,1000,FX,540,MEDIUM,N,0.35,1620,15-25 C
PK-015,"Insulated Cold-Chain Shipper, 2-8 C, 48 h",PACKAGING,EA,SUP-014,F,84,3,254,500,20,MB,540,MEDIUM,N,38.0,1590,15-25 C
