material_id,week_start,gross_requirement_qty,requirement_type,production_program,priority
RM-001,2026-01-05,0,SAFETY_STOCK,PROG-01,LOW
RM-001,2026-01-12,40,PRODUCTION,PROG-01,HIGH
RM-001,2026-01-19,80,PRODUCTION,PROG-01,HIGH
RM-001,2026-01-26,40,PRODUCTION,PROG-01,HIGH
RM-001,2026-02-02,80,PRODUCTION,PROG-01,HIGH
RM-001,2026-02-09,40,PRODUCTION,PROG-01,HIGH
RM-001,2026-02-16,0,SAFETY_STOCK,PROG-03,LOW
RM-001,2026-02-23,10,PRODUCTION,PROG-03,MEDIUM
RM-001,2026-03-02,10,PLANNED_CAMPAIGN,PROG-03,MEDIUM
RM-001,2026-03-09,20,PLANNED_CAMPAIGN,PROG-03,MEDIUM
RM-001,2026-03-16,20,PLANNED_CAMPAIGN,PROG-03,MEDIUM
RM-001,2026-03-23,0,SAFETY_STOCK,PROG-02,LOW
RM-001,2026-03-30,40,PLANNED_CAMPAIGN,PROG-02,HIGH
RM-001,2026-04-06,80,PLANNED_CAMPAIGN,PROG-02,HIGH
RM-001,2026-04-13,40,PLANNED_CAMPAIGN,PROG-02,HIGH
RM-001,2026-04-20,80,PLANNED_CAMPAIGN,PROG-02,HIGH
RM-001,2026-04-27,40,PLANNED_CAMPAIGN,PROG-02,HIGH
RM-001,2026-05-04,0,SAFETY_STOCK,PROG-04,LOW
RM-001,2026-05-11,10,PLANNED_CAMPAIGN,PROG-04,MEDIUM
RM-001,2026-05-18,20,PLANNED_CAMPAIGN,PROG-04,MEDIUM
RM-001,2026-05-25,20,PLANNED_CAMPAIGN,PROG-04,MEDIUM
RM-001,2026-06-01,0,SAFETY_STOCK,PROG-01,LOW
RM-001,2026-06-08,40,PLANNED_CAMPAIGN,PROG-01,HIGH
RM-001,2026-06-15,80,PLANNED_CAMPAIGN,PROG-01,HIGH
RM-001,2026-06-22,80,PLANNED_CAMPAIGN,PROG-01,HIGH
RM-001,2026-06-29,80,PLANNED_CAMPAIGN,PROG-01,HIGH
RM-002,2026-01-05,0,SAFETY_STOCK,PROG-01,LOW
RM-002,2026-01-12,120,PRODUCTION,PROG-01,MEDIUM
RM-002,2026-01-19,240,PRODUCTION,PROG-01,MEDIUM
RM-002,2026-01-26,120,PRODUCTION,PROG-01,MEDIUM
RM-002,2026-02-02,240,PRODUCTION,PROG-01,MEDIUM
RM-002,2026-02-09,120,PRODUCTION,PROG-01,MEDIUM
RM-002,2026-02-16,0,SAFETY_STOCK,PROG-03,LOW
RM-002,2026-02-23,30,PRODUCTION,PROG-03,LOW
RM-002,2026-03-02,30,PLANNED_CAMPAIGN,PROG-03,LOW
RM-002,2026-03-09,60,PLANNED_CAMPAIGN,PROG-03,LOW
RM-002,2026-03-16,60,PLANNED_CAMPAIGN,PROG-03,LOW
RM-002,2026-03-23,0,SAFETY_STOCK,PROG-02,LOW
RM-002,2026-03-30,120,PLANNED_CAMPAIGN,PROG-02,MEDIUM
RM-002,2026-04-06,240,PLANNED_CAMPAIGN,PROG-02,MEDIUM
RM-002,2026-04-13,120,PLANNED_CAMPAIGN,PROG-02,MEDIUM
RM-002,2026-04-20,240,PLANNED_CAMPAIGN,PROG-02,MEDIUM
RM-002,2026-04-27,120,PLANNED_CAMPAIGN,PROG-02,MEDIUM
RM-002,2026-05-04,0,SAFETY_STOCK,PROG-04,LOW
RM-002,2026-05-11,30,PLANNED_CAMPAIGN,PROG-04,LOW
RM-002,2026-05-18,60,PLANNED_CAMPAIGN,PROG-04,LOW
RM-002,2026-05-25,60,PLANNED_CAMPAIGN,PROG-04,LOW
RM-002,2026-06-01,0,SAFETY_STOCK,PROG-01,LOW
RM-002,2026-06-08,120,PLANNED_CAMPAIGN,PROG-01,MEDIUM
RM-002,2026-06-15,240,PLANNED_CAMPAIGN,PROG-01,MEDIUM
RM-002,2026-06-22,240,PLANNED_CAMPAIGN,PROG-01,MEDIUM
RM-002,2026-06-29,240,PLANNED_CAMPAIGN,PROG-01,MEDIUM
RM-003,2026-01-05,0,SAFETY_STOCK,PROG-01,LOW
RM-003,2026-01-12,80,PRODUCTION,PROG-01,HIGH
RM-003,2026-01-19,160,PRODUCTION,PROG-01,HIGH
RM-003,2026-01-26,80,PRODUCTION,PROG-01,HIGH
RM-003,2026-02-02,160,PRODUCTION,PROG-01,HIGH
RM-003,2026-02-09,80,PRODUCTION,PROG-01,HIGH
RM-003,2026-02-16,0,SAFETY_STOCK,PROG-02,LOW
RM-003,2026-02-23,0,SAFETY_STOCK,PROG-02,LOW
RM-003,2026-03-02,0,SAFETY_STOCK,PROG-02,LOW
RM-003,2026-03-09,0,SAFETY_STOCK,PROG-02,LOW
RM-003,2026-03-16,0,SAFETY_STOCK,PROG-02,LOW
RM-003,2026-03-23,0,SAFETY_STOCK,PROG-02,LOW
RM-003,2026-03-30,80,PLANNED_CAMPAIGN,PROG-02,HIGH
RM-003,2026-04-06,160,PLANNED_CAMPAIGN,PROG-02,HIGH
RM-003,2026-04-13,80,PLANNED_CAMPAIGN,PROG-02,HIGH
RM-003,2026-04-20,160,PLANNED_CAMPAIGN,PROG-02,HIGH
RM-003,2026-04-27,80,PLANNED_CAMPAIGN,PROG-02,HIGH
RM-003,2026-05-04,0,SAFETY_STOCK,PROG-01,LOW
RM-003,2026-05-11,0,SAFETY_STOCK,PROG-01,LOW
RM-003,2026-05-18,0,SAFETY_STOCK,PROG-01,LOW
RM-003,2026-05-25,0,SAFETY_STOCK,PROG-01,LOW
RM-003,2026-06-01,0,SAFETY_STOCK,PROG-01,LOW
RM-003,2026-06-08,80,PLANNED_CAMPAIGN,PROG-01,HIGH
RM-003,2026-06-15,160,PLANNED_CAMPAIGN,PROG-01,HIGH
RM-003,2026-06-22,160,PLANNED_CAMPAIGN,PROG-01,HIGH
RM-003,2026-06-29,160,PLANNED_CAMPAIGN,PROG-01,HIGH
RM-004,2026-01-05,0,SAFETY_STOCK,PROG-03,LOW
RM-004,2026-01-12,0,SAFETY_STOCK,PROG-03,LOW
RM-004,2026-01-19,0,SAFETY_STOCK,PROG-03,LOW
RM-004,2026-01-26,0,SAFETY_STOCK,PROG-03,LOW
RM-004,2026-02-02,0,SAFETY_STOCK,PROG-03,LOW
RM-004,2026-02-09,0,SAFETY_STOCK,PROG-03,LOW
RM-004,2026-02-16,0,SAFETY_STOCK,PROG-03,LOW
RM-004,2026-02-23,10,PRODUCTION,PROG-03,LOW
RM-004,2026-03-02,10,PLANNED_CAMPAIGN,PROG-03,LOW
RM-004,2026-03-09,20,PLANNED_CAMPAIGN,PROG-03,LOW
RM-004,2026-03-16,20,PLANNED_CAMPAIGN,PROG-03,LOW
RM-004,2026-03-23,0,SAFETY_STOCK,PROG-04,LOW
RM-004,2026-03-30,0,SAFETY_STOCK,PROG-04,LOW
RM-004,2026-04-06,0,SAFETY_STOCK,PROG-04,LOW
RM-004,2026-04-13,0,SAFETY_STOCK,PROG-04,LOW
RM-004,2026-04-20,0,SAFETY_STOCK,PROG-04,LOW
RM-004,2026-04-27,0,SAFETY_STOCK,PROG-04,LOW
RM-004,2026-05-04,0,SAFETY_STOCK,PROG-04,LOW
RM-004,2026-05-11,10,PLANNED_CAMPAIGN,PROG-04,LOW
RM-004,2026-05-18,20,PLANNED_CAMPAIGN,PROG-04,LOW
RM-004,2026-05-25,20,PLANNED_CAMPAIGN,PROG-04,LOW
RM-004,2026-06-01,0,SAFETY_STOCK,PROG-04,LOW
RM-004,2026-06-08,0,SAFETY_STOCK,PROG-04,LOW
RM-004,2026-06-15,0,SAFETY_STOCK,PROG-04,LOW
RM-004,2026-06-22,0,SAFETY_STOCK,PROG-04,LOW
RM-004,2026-06-29,0,SAFETY_STOCK,PROG-04,LOW
RM-005,2026-01-05,0,SAFETY_STOCK,PROG-01,LOW
RM-005,2026-01-12,2,PRODUCTION,PROG-01,MEDIUM
RM-005,2026-01-19,4,PRODUCTION,PROG-01,MEDIUM
RM-005,2026-01-26,2,PRODUCTION,PROG-01,MEDIUM
RM-005,2026-02-02,4,PRODUCTION,PROG-01,MEDIUM
RM-005,2026-02-09,2,PRODUCTION,PROG-01,MEDIUM
RM-005,2026-02-16,0,SAFETY_STOCK,PROG-03,LOW
RM-005,2026-02-23,1,PRODUCTION,PROG-03,LOW
RM-005,2026-03-02,1,PLANNED_CAMPAIGN,PROG-03,LOW
RM-005,2026-03-09,1,PLANNED_CAMPAIGN,PROG-03,LOW
RM-005,2026-03-16,1,PLANNED_CAMPAIGN,PROG-03,LOW
RM-005,2026-03-23,0,SAFETY_STOCK,PROG-02,LOW
RM-005,2026-03-30,2,PLANNED_CAMPAIGN,PROG-02,MEDIUM
RM-005,2026-04-06,4,PLANNED_CAMPAIGN,PROG-02,MEDIUM
RM-005,2026-04-13,2,PLANNED_CAMPAIGN,PROG-02,MEDIUM
RM-005,2026-04-20,4,PLANNED_CAMPAIGN,PROG-02,MEDIUM
RM-005,2026-04-27,2,PLANNED_CAMPAIGN,PROG-02,MEDIUM
RM-005,2026-05-04,0,SAFETY_STOCK,PROG-04,LOW
RM-005,2026-05-11,1,PLANNED_CAMPAIGN,PROG-04,LOW
RM-005,2026-05-18,1,PLANNED_CAMPAIGN,PROG-04,LOW
RM-005,2026-05-25,1,PLANNED_CAMPAIGN,PROG-04,LOW
RM-005,2026-06-01,0,SAFETY_STOCK,PROG-01,LOW
RM-005,2026-06-08,2,PLANNED_CAMPAIGN,PROG-01,MEDIUM
RM-005,2026-06-15,4,PLANNED_CAMPAIGN,PROG-01,MEDIUM
RM-005,2026-06-22,4,PLANNED_CAMPAIGN,PROG-01,MEDIUM
RM-005,2026-06-29,4,PLANNED_CAMPAIGN,PROG-01,MEDIUM
RM-006,2026-01-05,0,SAFETY_STOCK,PROG-01,LOW
RM-006,2026-01-12,1,PRODUCTION,PROG-01,HIGH
RM-006,2026-01-19,2,PRODUCTION,PROG-01,HIGH
RM-006,2026-01-26,1,PRODUCTION,PROG-01,HIGH
RM-006,2026-02-02,2,PRODUCTION,PROG-01,HIGH
RM-006,2026-02-09,1,PRODUCTION,PROG-01,HIGH
RM-006,2026-02-16,0,SAFETY_STOCK,PROG-03,LOW
RM-006,2026-02-23,1,PRODUCTION,PROG-03,MEDIUM
RM-006,2026-03-02,1,PLANNED_CAMPAIGN,PROG-03,MEDIUM
RM-006,2026-03-09,1,PLANNED_CAMPAIGN,PROG-03,MEDIUM
RM-006,2026-03-16,1,PLANNED_CAMPAIGN,PROG-03,MEDIUM
RM-006,2026-03-23,0,SAFETY_STOCK,PROG-02,LOW
RM-006,2026-03-30,1,PLANNED_CAMPAIGN,PROG-02,HIGH
RM-006,2026-04-06,2,PLANNED_CAMPAIGN,PROG-02,HIGH
RM-006,2026-04-13,1,PLANNED_CAMPAIGN,PROG-02,HIGH
RM-006,2026-04-20,2,PLANNED_CAMPAIGN,PROG-02,HIGH
RM-006,2026-04-27,1,PLANNED_CAMPAIGN,PROG-02,HIGH
RM-006,2026-05-04,0,SAFETY_STOCK,PROG-04,LOW
RM-006,2026-05-11,1,PLANNED_CAMPAIGN,PROG-04,MEDIUM
RM-006,2026-05-18,1,PLANNED_CAMPAIGN,PROG-04,MEDIUM
RM-006,2026-05-25,1,PLANNED_CAMPAIGN,PROG-04,MEDIUM
RM-006,2026-06-01,0,SAFETY_STOCK,PROG-01,LOW
RM-006,2026-06-08,1,PLANNED_CAMPAIGN,PROG-01,HIGH
RM-006,2026-06-15,2,PLANNED_CAMPAIGN,PROG-01,HIGH
RM-006,2026-06-22,2,PLANNED_CAMPAIGN,PROG-01,HIGH
RM-006,2026-06-29,2,PLANNED_CAMPAIGN,PROG-01,HIGH
RM-007,2026-01-05,0,SAFETY_STOCK,PROG-01,LOW
RM-007,2026-01-12,30,PRODUCTION,PROG-01,MEDIUM
RM-007,2026-01-19,0,SAFETY_STOCK,PROG-03,LOW
RM-007,2026-01-26,0,SAFETY_STOCK,PROG-03,LOW
RM-007,2026-02-02,0,SAFETY_STOCK,PROG-03,LOW
RM-007,2026-02-09,0,SAFETY_STOCK,PROG-03,LOW
RM-007,2026-02-16,0,SAFETY_STOCK,PROG-03,LOW
RM-007,2026-02-23,8,PRODUCTION,PROG-03,LOW
RM-007,2026-03-02,0,SAFETY_STOCK,PROG-02,LOW
RM-007,2026-03-09,0,SAFETY_STOCK,PROG-02,LOW
RM-007,2026-03-16,0,SAFETY_STOCK,PROG-02,LOW
RM-007,2026-03-23,0,SAFETY_STOCK,PROG-02,LOW
RM-007,2026-03-30,30,PLANNED_CAMPAIGN,PROG-02,MEDIUM
RM-007,2026-04-06,0,SAFETY_STOCK,PROG-04,LOW
RM-007,2026-04-13,0,SAFETY_STOCK,PROG-04,LOW
RM-007,2026-04-20,0,SAFETY_STOCK,PROG-04,LOW
RM-007,2026-04-27,0,SAFETY_STOCK,PROG-04,LOW
RM-007,2026-05-04,0,SAFETY_STOCK,PROG-04,LOW
RM-007,2026-05-11,8,PLANNED_CAMPAIGN,PROG-04,LOW
RM-007,2026-05-18,0,SAFETY_STOCK,PROG-01,LOW
RM-007,2026-05-25,0,SAFETY_STOCK,PROG-01,LOW
RM-007,2026-06-01,0,SAFETY_STOCK,PROG-01,LOW
RM-007,2026-06-08,30,PLANNED_CAMPAIGN,PROG-01,MEDIUM
RM-007,2026-06-15,0,SAFETY_STOCK,PROG-01,LOW
RM-007,2026-06-22,0,SAFETY_STOCK,PROG-01,LOW
RM-007,2026-06-29,0,SAFETY_STOCK,PROG-01,LOW
RM-008,2026-01-05,0,SAFETY_STOCK,PROG-01,LOW
RM-008,2026-01-12,40,PRODUCTION,PROG-01,HIGH
RM-008,2026-01-19,0,SAFETY_STOCK,PROG-03,LOW
RM-008,2026-01-26,0,SAFETY_STOCK,PROG-03,LOW
RM-008,2026-02-02,0,SAFETY_STOCK,PROG-03,LOW
RM-008,2026-02-09,0,SAFETY_STOCK,PROG-03,LOW
RM-008,2026-02-16,0,SAFETY_STOCK,PROG-03,LOW
RM-008,2026-02-23,10,PRODUCTION,PROG-03,MEDIUM
RM-008,2026-03-02,0,SAFETY_STOCK,PROG-02,LOW
RM-008,2026-03-09,0,SAFETY_STOCK,PROG-02,LOW
RM-008,2026-03-16,0,SAFETY_STOCK,PROG-02,LOW
RM-008,2026-03-23,0,SAFETY_STOCK,PROG-02,LOW
RM-008,2026-03-30,40,PLANNED_CAMPAIGN,PROG-02,HIGH
RM-008,2026-04-06,0,SAFETY_STOCK,PROG-01,LOW
RM-008,2026-04-13,0,SAFETY_STOCK,PROG-01,LOW
RM-008,2026-04-20,0,SAFETY_STOCK,PROG-01,LOW
RM-008,2026-04-27,0,SAFETY_STOCK,PROG-01,LOW
RM-008,2026-05-04,0,SAFETY_STOCK,PROG-01,LOW
RM-008,2026-05-11,0,SAFETY_STOCK,PROG-01,LOW
RM-008,2026-05-18,0,SAFETY_STOCK,PROG-01,LOW
RM-008,2026-05-25,0,SAFETY_STOCK,PROG-01,LOW
RM-008,2026-06-01,0,SAFETY_STOCK,PROG-01,LOW
RM-008,2026-06-08,40,PLANNED_CAMPAIGN,PROG-01,HIGH
RM-008,2026-06-15,0,SAFETY_STOCK,PROG-01,LOW
RM-008,2026-06-22,0,SAFETY_STOCK,PROG-01,LOW
RM-008,2026-06-29,0,SAFETY_STOCK,PROG-01,LOW
RM-009,2026-01-05,0,SAFETY_STOCK,PROG-01,LOW
RM-009,2026-01-12,30,PRODUCTION,PROG-01,HIGH
RM-009,2026-01-19,0,SAFETY_STOCK,PROG-03,LOW
RM-009,2026-01-26,0,SAFETY_STOCK,PROG-03,LOW
RM-009,2026-02-02,0,SAFETY_STOCK,PROG-03,LOW
RM-009,2026-02-09,0,SAFETY_STOCK,PROG-03,LOW
RM-009,2026-02-16,0,SAFETY_STOCK,PROG-03,LOW
RM-009,2026-02-23,8,PRODUCTION,PROG-03,MEDIUM
RM-009,2026-03-02,0,SAFETY_STOCK,PROG-02,LOW
RM-009,2026-03-09,0,SAFETY_STOCK,PROG-02,LOW
RM-009,2026-03-16,0,SAFETY_STOCK,PROG-02,LOW
RM-009,2026-03-23,0,SAFETY_STOCK,PROG-02,LOW
RM-009,2026-03-30,30,PLANNED_CAMPAIGN,PROG-02,HIGH
RM-009,2026-04-06,0,SAFETY_STOCK,PROG-04,LOW
RM-009,2026-04-13,0,SAFETY_STOCK,PROG-04,LOW
RM-009,2026-04-20,0,SAFETY_STOCK,PROG-04,LOW
RM-009,2026-04-27,0,SAFETY_STOCK,PROG-04,LOW
RM-009,2026-05-04,0,SAFETY_STOCK,PROG-04,LOW
RM-009,2026-05-11,8,PLANNED_CAMPAIGN,PROG-04,MEDIUM
RM-009,2026-05-18,0,SAFETY_STOCK,PROG-01,LOW
RM-009,2026-05-25,0,SAFETY_STOCK,PROG-01,LOW
RM-009,2026-06-01,0,SAFETY_STOCK,PROG-01,LOW
RM-009,2026-06-08,30,PLANNED_CAMPAIGN,PROG-01,HIGH
RM-009,2026-06-15,0,SAFETY_STOCK,PROG-01,LOW
RM-009,2026-06-22,0,SAFETY_STOCK,PROG-01,LOW
RM-009,2026-06-29,0,SAFETY_STOCK,PROG-01,LOW
RM-010,2026-01-05,0,SAFETY_STOCK,PROG-01,LOW
RM-010,2026-01-12,150,PRODUCTION,PROG-01,MEDIUM
RM-010,2026-01-19,300,PRODUCTION,PROG-01,MEDIUM
RM-010,2026-01-26,150,PRODUCTION,PROG-01,MEDIUM
RM-010,2026-02-02,300,PRODUCTION,PROG-01,MEDIUM
RM-010,2026-02-09,150,PRODUCTION,PROG-01,MEDIUM
RM-010,2026-02-16,0,SAFETY_STOCK,PROG-03,LOW
RM-010,2026-02-23,38,PRODUCTION,PROG-03,LOW
RM-010,2026-03-02,38,PLANNED_CAMPAIGN,PROG-03,LOW
RM-010,2026-03-09,75,PLANNED_CAMPAIGN,PROG-03,LOW
RM-010,2026-03-16,75,PLANNED_CAMPAIGN,PROG-03,LOW
RM-010,2026-03-23,0,SAFETY_STOCK,PROG-02,LOW
RM-010,2026-03-30,150,PLANNED_CAMPAIGN,PROG-02,MEDIUM
RM-010,2026-04-06,300,PLANNED_CAMPAIGN,PROG-02,MEDIUM
RM-010,2026-04-13,150,PLANNED_CAMPAIGN,PROG-02,MEDIUM
RM-010,2026-04-20,300,PLANNED_CAMPAIGN,PROG-02,MEDIUM
RM-010,2026-04-27,150,PLANNED_CAMPAIGN,PROG-02,MEDIUM
RM-010,2026-05-04,0,SAFETY_STOCK,PROG-04,LOW
RM-010,2026-05-11,38,PLANNED_CAMPAIGN,PROG-04,LOW
RM-010,2026-05-18,75,PLANNED_CAMPAIGN,PROG-04,LOW
RM-010,2026-05-25,75,PLANNED_CAMPAIGN,PROG-04,LOW
RM-010,2026-06-01,0,SAFETY_STOCK,PROG-01,LOW
RM-010,2026-06-08,150,PLANNED_CAMPAIGN,PROG-01,MEDIUM
RM-010,2026-06-15,300,PLANNED_CAMPAIGN,PROG-01,MEDIUM
RM-010,2026-06-22,300,PLANNED_CAMPAIGN,PROG-01,MEDIUM
RM-010,2026-06-29,300,PLANNED_CAMPAIGN,PROG-01,MEDIUM
RM-011,2026-01-05,0,SAFETY_STOCK,PROG-01,LOW
RM-011,2026-01-12,60,PRODUCTION,PROG-01,HIGH
RM-011,2026-01-19,120,PRODUCTION,PROG-01,HIGH
RM-011,2026-01-26,60,PRODUCTION,PROG-01,HIGH
RM-011,2026-02-02,120,PRODUCTION,PROG-01,HIGH
RM-011,2026-02-09,60,PRODUCTION,PROG-01,HIGH
RM-011,2026-02-16,0,SAFETY_STOCK,PROG-03,LOW
RM-011,2026-02-23,15,PRODUCTION,PROG-03,MEDIUM
RM-011,2026-03-02,15,PLANNED_CAMPAIGN,PROG-03,MEDIUM
RM-011,2026-03-09,30,PLANNED_CAMPAIGN,PROG-03,MEDIUM
RM-011,2026-03-16,30,PLANNED_CAMPAIGN,PROG-03,MEDIUM
RM-011,2026-03-23,0,SAFETY_STOCK,PROG-02,LOW
RM-011,2026-03-30,60,PLANNED_CAMPAIGN,PROG-02,HIGH
RM-011,2026-04-06,120,PLANNED_CAMPAIGN,PROG-02,HIGH
RM-011,2026-04-13,60,PLANNED_CAMPAIGN,PROG-02,HIGH
RM-011,2026-04-20,120,PLANNED_CAMPAIGN,PROG-02,HIGH
RM-011,2026-04-27,60,PLANNED_CAMPAIGN,PROG-02,HIGH
RM-011,2026-05-04,0,SAFETY_STOCK,PROG-04,LOW
RM-011,2026-05-11,15,PLANNED_CAMPAIGN,PROG-04,MEDIUM
RM-011,2026-05-18,30,PLANNED_CAMPAIGN,PROG-04,MEDIUM
RM-011,2026-05-25,30,PLANNED_CAMPAIGN,PROG-04,MEDIUM
RM-011,2026-06-01,0,SAFETY_STOCK,PROG-01,LOW
RM-011,2026-06-08,60,PLANNED_CAMPAIGN,PROG-01,HIGH
RM-011,2026-06-15,120,PLANNED_CAMPAIGN,PROG-01,HIGH
RM-011,2026-06-22,120,PLANNED_CAMPAIGN,PROG-01,HIGH
RM-011,2026-06-29,120,PLANNED_CAMPAIGN,PROG-01,HIGH
RM-012,2026-01-05,0,SAFETY_STOCK,PROG-01,LOW
RM-012,2026-01-12,50,PRODUCTION,PROG-01,HIGH
RM-012,2026-01-19,100,PRODUCTION,PROG-01,HIGH
RM-012,2026-01-26,50,PRODUCTION,PROG-01,HIGH
RM-012,2026-02-02,100,PRODUCTION,PROG-01,HIGH
RM-012,2026-02-09,50,PRODUCTION,PROG-01,HIGH
RM-012,2026-02-16,0,SAFETY_STOCK,PROG-03,LOW
RM-012,2026-02-23,13,PRODUCTION,PROG-03,MEDIUM
RM-012,2026-03-02,13,PLANNED_CAMPAIGN,PROG-03,MEDIUM
RM-012,2026-03-09,25,PLANNED_CAMPAIGN,PROG-03,MEDIUM
RM-012,2026-03-16,25,PLANNED_CAMPAIGN,PROG-03,MEDIUM
RM-012,2026-03-23,0,SAFETY_STOCK,PROG-02,LOW
RM-012,2026-03-30,50,PLANNED_CAMPAIGN,PROG-02,HIGH
RM-012,2026-04-06,100,PLANNED_CAMPAIGN,PROG-02,HIGH
RM-012,2026-04-13,50,PLANNED_CAMPAIGN,PROG-02,HIGH
RM-012,2026-04-20,100,PLANNED_CAMPAIGN,PROG-02,HIGH
RM-012,2026-04-27,50,PLANNED_CAMPAIGN,PROG-02,HIGH
RM-012,2026-05-04,0,SAFETY_STOCK,PROG-04,LOW
RM-012,2026-05-11,13,PLANNED_CAMPAIGN,PROG-04,MEDIUM
RM-012,2026-05-18,25,PLANNED_CAMPAIGN,PROG-04,MEDIUM
RM-012,2026-05-25,25,PLANNED_CAMPAIGN,PROG-04,MEDIUM
RM-012,2026-06-01,0,SAFETY_STOCK,PROG-01,LOW
RM-012,2026-06-08,50,PLANNED_CAMPAIGN,PROG-01,HIGH
RM-012,2026-06-15,100,PLANNED_CAMPAIGN,PROG-01,HIGH
RM-012,2026-06-22,100,PLANNED_CAMPAIGN,PROG-01,HIGH
RM-012,2026-06-29,100,PLANNED_CAMPAIGN,PROG-01,HIGH
RM-013,2026-01-05,0,SAFETY_STOCK,PROG-01,LOW
RM-013,2026-01-12,20,PRODUCTION,PROG-01,HIGH
RM-013,2026-01-19,40,PRODUCTION,PROG-01,HIGH
RM-013,2026-01-26,20,PRODUCTION,PROG-01,HIGH
RM-013,2026-02-02,40,PRODUCTION,PROG-01,HIGH
RM-013,2026-02-09,20,PRODUCTION,PROG-01,HIGH
RM-013,2026-02-16,0,SAFETY_STOCK,PROG-03,LOW
RM-013,2026-02-23,5,PRODUCTION,PROG-03,MEDIUM
RM-013,2026-03-02,5,PLANNED_CAMPAIGN,PROG-03,MEDIUM
RM-013,2026-03-09,10,PLANNED_CAMPAIGN,PROG-03,MEDIUM
RM-013,2026-03-16,10,PLANNED_CAMPAIGN,PROG-03,MEDIUM
RM-013,2026-03-23,0,SAFETY_STOCK,PROG-02,LOW
RM-013,2026-03-30,20,PLANNED_CAMPAIGN,PROG-02,HIGH
RM-013,2026-04-06,40,PLANNED_CAMPAIGN,PROG-02,HIGH
RM-013,2026-04-13,20,PLANNED_CAMPAIGN,PROG-02,HIGH
RM-013,2026-04-20,40,PLANNED_CAMPAIGN,PROG-02,HIGH
RM-013,2026-04-27,20,PLANNED_CAMPAIGN,PROG-02,HIGH
RM-013,2026-05-04,0,SAFETY_STOCK,PROG-04,LOW
RM-013,2026-05-11,5,PLANNED_CAMPAIGN,PROG-04,MEDIUM
RM-013,2026-05-18,10,PLANNED_CAMPAIGN,PROG-04,MEDIUM
RM-013,2026-05-25,10,PLANNED_CAMPAIGN,PROG-04,MEDIUM
RM-013,2026-06-01,0,SAFETY_STOCK,PROG-01,LOW
RM-013,2026-06-08,20,PLANNED_CAMPAIGN,PROG-01,HIGH
RM-013,2026-06-15,40,PLANNED_CAMPAIGN,PROG-01,HIGH
RM-013,2026-06-22,40,PLANNED_CAMPAIGN,PROG-01,HIGH
RM-013,2026-06-29,40,PLANNED_CAMPAIGN,PROG-01,HIGH
RM-014,2026-01-05,0,SAFETY_STOCK,PROG-01,LOW
RM-014,2026-01-12,120,PRODUCTION,PROG-01,HIGH
RM-014,2026-01-19,240,PRODUCTION,PROG-01,HIGH
RM-014,2026-01-26,120,PRODUCTION,PROG-01,HIGH
RM-014,2026-02-02,240,PRODUCTION,PROG-01,HIGH
RM-014,2026-02-09,120,PRODUCTION,PROG-01,HIGH
RM-014,2026-02-16,0,SAFETY_STOCK,PROG-03,LOW
RM-014,2026-02-23,30,PRODUCTION,PROG-03,MEDIUM
RM-014,2026-03-02,30,PLANNED_CAMPAIGN,PROG-03,MEDIUM
RM-014,2026-03-09,60,PLANNED_CAMPAIGN,PROG-03,MEDIUM
RM-014,2026-03-16,60,PLANNED_CAMPAIGN,PROG-03,MEDIUM
RM-014,2026-03-23,0,SAFETY_STOCK,PROG-02,LOW
RM-014,2026-03-30,120,PLANNED_CAMPAIGN,PROG-02,HIGH
RM-014,2026-04-06,240,PLANNED_CAMPAIGN,PROG-02,HIGH
RM-014,2026-04-13,120,PLANNED_CAMPAIGN,PROG-02,HIGH
RM-014,2026-04-20,240,PLANNED_CAMPAIGN,PROG-02,HIGH
RM-014,2026-04-27,120,PLANNED_CAMPAIGN,PROG-02,HIGH
RM-014,2026-05-04,0,SAFETY_STOCK,PROG-04,LOW
RM-014,2026-05-11,30,PLANNED_CAMPAIGN,PROG-04,MEDIUM
RM-014,2026-05-18,60,PLANNED_CAMPAIGN,PROG-04,MEDIUM
RM-014,2026-05-25,60,PLANNED_CAMPAIGN,PROG-04,MEDIUM
RM-014,2026-06-01,0,SAFETY_STOCK,PROG-01,LOW
RM-014,2026-06-08,120,PLANNED_CAMPAIGN,PROG-01,HIGH
RM-014,2026-06-15,240,PLANNED_CAMPAIGN,PROG-01,HIGH
RM-014,2026-06-22,240,PLANNED_CAMPAIGN,PROG-01,HIGH
RM-014,2026-06-29,240,PLANNED_CAMPAIGN,PROG-01,HIGH
RM-015,2026-01-05,0,SAFETY_STOCK,PROG-02,LOW
RM-015,2026-01-12,0,SAFETY_STOCK,PROG-02,LOW
RM-015,2026-01-19,0,SAFETY_STOCK,PROG-02,LOW
RM-015,2026-01-26,0,SAFETY_STOCK,PROG-02,LOW
RM-015,2026-02-02,0,SAFETY_STOCK,PROG-02,LOW
RM-015,2026-02-09,0,SAFETY_STOCK,PROG-02,LOW
RM-015,2026-02-16,0,SAFETY_STOCK,PROG-02,LOW
RM-015,2026-02-23,0,SAFETY_STOCK,PROG-02,LOW
RM-015,2026-03-02,0,SAFETY_STOCK,PROG-02,LOW
RM-015,2026-03-09,0,SAFETY_STOCK,PROG-02,LOW
RM-015,2026-03-16,0,SAFETY_STOCK,PROG-02,LOW
RM-015,2026-03-23,0,SAFETY_STOCK,PROG-02,LOW
RM-015,2026-03-30,40,PLANNED_CAMPAIGN,PROG-02,HIGH
RM-015,2026-04-06,80,PLANNED_CAMPAIGN,PROG-02,HIGH
RM-015,2026-04-13,40,PLANNED_CAMPAIGN,PROG-02,HIGH
RM-015,2026-04-20,80,PLANNED_CAMPAIGN,PROG-02,HIGH
RM-015,2026-04-27,40,PLANNED_CAMPAIGN,PROG-02,HIGH
RM-015,2026-05-04,0,SAFETY_STOCK,PROG-04,LOW
RM-015,2026-05-11,10,PLANNED_CAMPAIGN,PROG-04,MEDIUM
RM-015,2026-05-18,20,PLANNED_CAMPAIGN,PROG-04,MEDIUM
RM-015,2026-05-25,20,PLANNED_CAMPAIGN,PROG-04,MEDIUM
RM-015,2026-06-01,0,SAFETY_STOCK,PROG-04,LOW
RM-015,2026-06-08,0,SAFETY_STOCK,PROG-04,LOW
RM-015,2026-06-15,0,SAFETY_STOCK,PROG-04,LOW
RM-015,2026-06-22,0,SAFETY_STOCK,PROG-04,LOW
RM-015,2026-06-29,0,SAFETY_STOCK,PROG-04,LOW
RM-016,2026-01-05,0,SAFETY_STOCK,PROG-01,LOW
RM-016,2026-01-12,50,PRODUCTION,PROG-01,HIGH
RM-016,2026-01-19,100,PRODUCTION,PROG-01,HIGH
RM-016,2026-01-26,50,PRODUCTION,PROG-01,HIGH
RM-016,2026-02-02,100,PRODUCTION,PROG-01,HIGH
RM-016,2026-02-09,50,PRODUCTION,PROG-01,HIGH
RM-016,2026-02-16,0,SAFETY_STOCK,PROG-03,LOW
RM-016,2026-02-23,13,PRODUCTION,PROG-03,MEDIUM
RM-016,2026-03-02,13,PLANNED_CAMPAIGN,PROG-03,MEDIUM
RM-016,2026-03-09,25,PLANNED_CAMPAIGN,PROG-03,MEDIUM
RM-016,2026-03-16,25,PLANNED_CAMPAIGN,PROG-03,MEDIUM
RM-016,2026-03-23,0,SAFETY_STOCK,PROG-01,LOW
RM-016,2026-03-30,0,SAFETY_STOCK,PROG-01,LOW
RM-016,2026-04-06,0,SAFETY_STOCK,PROG-01,LOW
RM-016,2026-04-13,0,SAFETY_STOCK,PROG-01,LOW
RM-016,2026-04-20,0,SAFETY_STOCK,PROG-01,LOW
RM-016,2026-04-27,0,SAFETY_STOCK,PROG-01,LOW
RM-016,2026-05-04,0,SAFETY_STOCK,PROG-01,LOW
RM-016,2026-05-11,0,SAFETY_STOCK,PROG-01,LOW
RM-016,2026-05-18,0,SAFETY_STOCK,PROG-01,LOW
RM-016,2026-05-25,0,SAFETY_STOCK,PROG-01,LOW
RM-016,2026-06-01,0,SAFETY_STOCK,PROG-01,LOW
RM-016,2026-06-08,50,PLANNED_CAMPAIGN,PROG-01,HIGH
RM-016,2026-06-15,100,PLANNED_CAMPAIGN,PROG-01,HIGH
RM-016,2026-06-22,100,PLANNED_CAMPAIGN,PROG-01,HIGH
RM-016,2026-06-29,100,PLANNED_CAMPAIGN,PROG-01,HIGH
RM-017,2026-01-05,0,SAFETY_STOCK,PROG-01,LOW
RM-017,2026-01-12,6,PRODUCTION,PROG-01,HIGH
RM-017,2026-01-19,12,PRODUCTION,PROG-01,HIGH
RM-017,2026-01-26,6,PRODUCTION,PROG-01,HIGH
RM-017,2026-02-02,12,PRODUCTION,PROG-01,HIGH
RM-017,2026-02-09,6,PRODUCTION,PROG-01,HIGH
RM-017,2026-02-16,0,SAFETY_STOCK,PROG-03,LOW
RM-017,2026-02-23,2,PRODUCTION,PROG-03,MEDIUM
RM-017,2026-03-02,2,PLANNED_CAMPAIGN,PROG-03,MEDIUM
RM-017,2026-03-09,3,PLANNED_CAMPAIGN,PROG-03,MEDIUM
RM-017,2026-03-16,3,PLANNED_CAMPAIGN,PROG-03,MEDIUM
RM-017,2026-03-23,0,SAFETY_STOCK,PROG-02,LOW
RM-017,2026-03-30,6,PLANNED_CAMPAIGN,PROG-02,HIGH
RM-017,2026-04-06,12,PLANNED_CAMPAIGN,PROG-02,HIGH
RM-017,2026-04-13,6,PLANNED_CAMPAIGN,PROG-02,HIGH
RM-017,2026-04-20,12,PLANNED_CAMPAIGN,PROG-02,HIGH
RM-017,2026-04-27,6,PLANNED_CAMPAIGN,PROG-02,HIGH
RM-017,2026-05-04,0,SAFETY_STOCK,PROG-01,LOW
RM-017,2026-05-11,0,SAFETY_STOCK,PROG-01,LOW
RM-017,2026-05-18,0,SAFETY_STOCK,PROG-01,LOW
RM-017,2026-05-25,0,SAFETY_STOCK,PROG-01,LOW
RM-017,2026-06-01,0,SAFETY_STOCK,PROG-01,LOW
RM-017,2026-06-08,6,PLANNED_CAMPAIGN,PROG-01,HIGH
RM-017,2026-06-15,12,PLANNED_CAMPAIGN,PROG-01,HIGH
RM-017,2026-06-22,12,PLANNED_CAMPAIGN,PROG-01,HIGH
RM-017,2026-06-29,12,PLANNED_CAMPAIGN,PROG-01,HIGH
RM-018,2026-01-05,0,SAFETY_STOCK,PROG-02,LOW
RM-018,2026-01-12,0,SAFETY_STOCK,PROG-02,LOW
RM-018,2026-01-19,0,SAFETY_STOCK,PROG-02,LOW
RM-018,2026-01-26,0,SAFETY_STOCK,PROG-02,LOW
RM-018,2026-02-02,0,SAFETY_STOCK,PROG-02,LOW
RM-018,2026-02-09,0,SAFETY_STOCK,PROG-02,LOW
RM-018,2026-02-16,0,SAFETY_STOCK,PROG-02,LOW
RM-018,2026-02-23,0,SAFETY_STOCK,PROG-02,LOW
RM-018,2026-03-02,0,SAFETY_STOCK,PROG-02,LOW
RM-018,2026-03-09,0,SAFETY_STOCK,PROG-02,LOW
RM-018,2026-03-16,0,SAFETY_STOCK,PROG-02,LOW
RM-018,2026-03-23,0,SAFETY_STOCK,PROG-02,LOW
RM-018,2026-03-30,8,PLANNED_CAMPAIGN,PROG-02,MEDIUM
RM-018,2026-04-06,16,PLANNED_CAMPAIGN,PROG-02,MEDIUM
RM-018,2026-04-13,8,PLANNED_CAMPAIGN,PROG-02,MEDIUM
RM-018,2026-04-20,16,PLANNED_CAMPAIGN,PROG-02,MEDIUM
RM-018,2026-04-27,8,PLANNED_CAMPAIGN,PROG-02,MEDIUM
RM-018,2026-05-04,0,SAFETY_STOCK,PROG-02,LOW
RM-018,2026-05-11,0,SAFETY_STOCK,PROG-02,LOW
RM-018,2026-05-18,0,SAFETY_STOCK,PROG-02,LOW
RM-018,2026-05-25,0,SAFETY_STOCK,PROG-02,LOW
RM-018,2026-06-01,0,SAFETY_STOCK,PROG-02,LOW
RM-018,2026-06-08,0,SAFETY_STOCK,PROG-02,LOW
RM-018,2026-06-15,0,SAFETY_STOCK,PROG-02,LOW
RM-018,2026-06-22,0,SAFETY_STOCK,PROG-02,LOW
RM-018,2026-06-29,0,SAFETY_STOCK,PROG-02,LOW
RM-019,2026-01-05,0,SAFETY_STOCK,PROG-01,LOW
RM-019,2026-01-12,60,PRODUCTION,PROG-01,MEDIUM
RM-019,2026-01-19,120,PRODUCTION,PROG-01,MEDIUM
RM-019,2026-01-26,60,PRODUCTION,PROG-01,MEDIUM
RM-019,2026-02-02,120,PRODUCTION,PROG-01,MEDIUM
RM-019,2026-02-09,60,PRODUCTION,PROG-01,MEDIUM
RM-019,2026-02-16,0,SAFETY_STOCK,PROG-03,LOW
RM-019,2026-02-23,15,PRODUCTION,PROG-03,LOW
RM-019,2026-03-02,15,PLANNED_CAMPAIGN,PROG-03,LOW
RM-019,2026-03-09,30,PLANNED_CAMPAIGN,PROG-03,LOW
RM-019,2026-03-16,30,PLANNED_CAMPAIGN,PROG-03,LOW
RM-019,2026-03-23,0,SAFETY_STOCK,PROG-01,LOW
RM-019,2026-03-30,0,SAFETY_STOCK,PROG-01,LOW
RM-019,2026-04-06,0,SAFETY_STOCK,PROG-01,LOW
RM-019,2026-04-13,0,SAFETY_STOCK,PROG-01,LOW
RM-019,2026-04-20,0,SAFETY_STOCK,PROG-01,LOW
RM-019,2026-04-27,0,SAFETY_STOCK,PROG-01,LOW
RM-019,2026-05-04,0,SAFETY_STOCK,PROG-01,LOW
RM-019,2026-05-11,0,SAFETY_STOCK,PROG-01,LOW
RM-019,2026-05-18,0,SAFETY_STOCK,PROG-01,LOW
RM-019,2026-05-25,0,SAFETY_STOCK,PROG-01,LOW
RM-019,2026-06-01,0,SAFETY_STOCK,PROG-01,LOW
RM-019,2026-06-08,60,PLANNED_CAMPAIGN,PROG-01,MEDIUM
RM-019,2026-06-15,120,PLANNED_CAMPAIGN,PROG-01,MEDIUM
RM-019,2026-06-22,120,PLANNED_CAMPAIGN,PROG-01,MEDIUM
RM-019,2026-06-29,120,PLANNED_CAMPAIGN,PROG-01,MEDIUM
RM-020,2026-01-05,0,SAFETY_STOCK,PROG-01,LOW
RM-020,2026-01-12,1,PRODUCTION,PROG-01,HIGH
RM-020,2026-01-19,2,PRODUCTION,PROG-01,HIGH
RM-020,2026-01-26,1,PRODUCTION,PROG-01,HIGH
RM-020,2026-02-02,2,PRODUCTION,PROG-01,HIGH
RM-020,2026-02-09,1,PRODUCTION,PROG-01,HIGH
RM-020,2026-02-16,0,SAFETY_STOCK,PROG-03,LOW
RM-020,2026-02-23,1,PRODUCTION,PROG-03,MEDIUM
RM-020,2026-03-02,1,PLANNED_CAMPAIGN,PROG-03,MEDIUM
RM-020,2026-03-09,1,PLANNED_CAMPAIGN,PROG-03,MEDIUM
RM-020,2026-03-16,1,PLANNED_CAMPAIGN,PROG-03,MEDIUM
RM-020,2026-03-23,0,SAFETY_STOCK,PROG-02,LOW
RM-020,2026-03-30,1,PLANNED_CAMPAIGN,PROG-02,HIGH
RM-020,2026-04-06,2,PLANNED_CAMPAIGN,PROG-02,HIGH
RM-020,2026-04-13,1,PLANNED_CAMPAIGN,PROG-02,HIGH
RM-020,2026-04-20,2,PLANNED_CAMPAIGN,PROG-02,HIGH
RM-020,2026-04-27,1,PLANNED_CAMPAIGN,PROG-02,HIGH
RM-020,2026-05-04,0,SAFETY_STOCK,PROG-04,LOW
RM-020,2026-05-11,1,PLANNED_CAMPAIGN,PROG-04,MEDIUM
RM-020,2026-05-18,1,PLANNED_CAMPAIGN,PROG-04,MEDIUM
RM-020,2026-05-25,1,PLANNED_CAMPAIGN,PROG-04,MEDIUM
RM-020,2026-06-01,0,SAFETY_STOCK,PROG-01,LOW
RM-020,2026-06-08,1,PLANNED_CAMPAIGN,PROG-01,HIGH
RM-020,2026-06-15,2,PLANNED_CAMPAIGN,PROG-01,HIGH
RM-020,2026-06-22,2,PLANNED_CAMPAIGN,PROG-01,HIGH
RM-020,2026-06-29,2,PLANNED_CAMPAIGN,PROG-01,HIGH
RM-021,2026-01-05,0,SAFETY_STOCK,PROG-04,LOW
RM-021,2026-01-12,0,SAFETY_STOCK,PROG-04,LOW
RM-021,2026-01-19,0,SAFETY_STOCK,PROG-04,LOW
RM-021,2026-01-26,0,SAFETY_STOCK,PROG-04,LOW
RM-021,2026-02-02,0,SAFETY_STOCK,PROG-04,LOW
RM-021,2026-02-09,0,SAFETY_STOCK,PROG-04,LOW
RM-021,2026-02-16,0,SAFETY_STOCK,PROG-04,LOW
RM-021,2026-02-23,0,SAFETY_STOCK,PROG-04,LOW
RM-021,2026-03-02,0,SAFETY_STOCK,PROG-04,LOW
RM-021,2026-03-09,0,SAFETY_STOCK,PROG-04,LOW
RM-021,2026-03-16,0,SAFETY_STOCK,PROG-04,LOW
RM-021,2026-03-23,0,SAFETY_STOCK,PROG-04,LOW
RM-021,2026-03-30,0,SAFETY_STOCK,PROG-04,LOW
RM-021,2026-04-06,0,SAFETY_STOCK,PROG-04,LOW
RM-021,2026-04-13,0,SAFETY_STOCK,PROG-04,LOW
RM-021,2026-04-20,0,SAFETY_STOCK,PROG-04,LOW
RM-021,2026-04-27,0,SAFETY_STOCK,PROG-04,LOW
RM-021,2026-05-04,0,SAFETY_STOCK,PROG-04,LOW
RM-021,2026-05-11,30,PLANNED_CAMPAIGN,PROG-04,LOW
RM-021,2026-05-18,60,PLANNED_CAMPAIGN,PROG-04,LOW
RM-021,2026-05-25,60,PLANNED_CAMPAIGN,PROG-04,LOW
RM-021,2026-06-01,0,SAFETY_STOCK,PROG-04,LOW
RM-021,2026-06-08,0,SAFETY_STOCK,PROG-04,LOW
RM-021,2026-06-15,0,SAFETY_STOCK,PROG-04,LOW
RM-021,2026-06-22,0,SAFETY_STOCK,PROG-04,LOW
RM-021,2026-06-29,0,SAFETY_STOCK,PROG-04,LOW
RM-022,2026-01-05,0,SAFETY_STOCK,PROG-01,LOW
RM-022,2026-01-12,60,PRODUCTION,PROG-01,HIGH
RM-022,2026-01-19,120,PRODUCTION,PROG-01,HIGH
RM-022,2026-01-26,60,PRODUCTION,PROG-01,HIGH
RM-022,2026-02-02,120,PRODUCTION,PROG-01,HIGH
RM-022,2026-02-09,60,PRODUCTION,PROG-01,HIGH
RM-022,2026-02-16,0,SAFETY_STOCK,PROG-03,LOW
RM-022,2026-02-23,15,PRODUCTION,PROG-03,MEDIUM
RM-022,2026-03-02,15,PLANNED_CAMPAIGN,PROG-03,MEDIUM
RM-022,2026-03-09,30,PLANNED_CAMPAIGN,PROG-03,MEDIUM
RM-022,2026-03-16,30,PLANNED_CAMPAIGN,PROG-03,MEDIUM
RM-022,2026-03-23,0,SAFETY_STOCK,PROG-02,LOW
RM-022,2026-03-30,60,PLANNED_CAMPAIGN,PROG-02,HIGH
RM-022,2026-04-06,120,PLANNED_CAMPAIGN,PROG-02,HIGH
RM-022,2026-04-13,60,PLANNED_CAMPAIGN,PROG-02,HIGH
RM-022,2026-04-20,120,PLANNED_CAMPAIGN,PROG-02,HIGH
RM-022,2026-04-27,60,PLANNED_CAMPAIGN,PROG-02,HIGH
RM-022,2026-05-04,0,SAFETY_STOCK,PROG-04,LOW
RM-022,2026-05-11,15,PLANNED_CAMPAIGN,PROG-04,MEDIUM
RM-022,2026-05-18,30,PLANNED_CAMPAIGN,PROG-04,MEDIUM
RM-022,2026-05-25,30,PLANNED_CAMPAIGN,PROG-04,MEDIUM
RM-022,2026-06-01,0,SAFETY_STOCK,PROG-01,LOW
RM-022,2026-06-08,60,PLANNED_CAMPAIGN,PROG-01,HIGH
RM-022,2026-06-15,120,PLANNED_CAMPAIGN,PROG-01,HIGH
RM-022,2026-06-22,120,PLANNED_CAMPAIGN,PROG-01,HIGH
RM-022,2026-06-29,120,PLANNED_CAMPAIGN,PROG-01,HIGH
SU-001,2026-01-05,0,SAFETY_STOCK,PROG-01,LOW
SU-001,2026-01-12,1,PRODUCTION,PROG-01,MEDIUM
SU-001,2026-01-19,2,PRODUCTION,PROG-01,MEDIUM
SU-001,2026-01-26,1,PRODUCTION,PROG-01,MEDIUM
SU-001,2026-02-02,2,PRODUCTION,PROG-01,MEDIUM
SU-001,2026-02-09,1,PRODUCTION,PROG-01,MEDIUM
SU-001,2026-02-16,0,SAFETY_STOCK,PROG-02,LOW
SU-001,2026-02-23,0,SAFETY_STOCK,PROG-02,LOW
SU-001,2026-03-02,0,SAFETY_STOCK,PROG-02,LOW
SU-001,2026-03-09,0,SAFETY_STOCK,PROG-02,LOW
SU-001,2026-03-16,0,SAFETY_STOCK,PROG-02,LOW
SU-001,2026-03-23,0,SAFETY_STOCK,PROG-02,LOW
SU-001,2026-03-30,1,PLANNED_CAMPAIGN,PROG-02,MEDIUM
SU-001,2026-04-06,2,PLANNED_CAMPAIGN,PROG-02,MEDIUM
SU-001,2026-04-13,1,PLANNED_CAMPAIGN,PROG-02,MEDIUM
SU-001,2026-04-20,2,PLANNED_CAMPAIGN,PROG-02,MEDIUM
SU-001,2026-04-27,1,PLANNED_CAMPAIGN,PROG-02,MEDIUM
SU-001,2026-05-04,0,SAFETY_STOCK,PROG-01,LOW
SU-001,2026-05-11,0,SAFETY_STOCK,PROG-01,LOW
SU-001,2026-05-18,0,SAFETY_STOCK,PROG-01,LOW
SU-001,2026-05-25,0,SAFETY_STOCK,PROG-01,LOW
SU-001,2026-06-01,0,SAFETY_STOCK,PROG-01,LOW
SU-001,2026-06-08,1,PLANNED_CAMPAIGN,PROG-01,MEDIUM
SU-001,2026-06-15,2,PLANNED_CAMPAIGN,PROG-01,MEDIUM
SU-001,2026-06-22,2,PLANNED_CAMPAIGN,PROG-01,MEDIUM
SU-001,2026-06-29,2,PLANNED_CAMPAIGN,PROG-01,MEDIUM
SU-002,2026-01-05,0,SAFETY_STOCK,PROG-03,LOW
SU-002,2026-01-12,0,SAFETY_STOCK,PROG-03,LOW
SU-002,2026-01-19,0,SAFETY_STOCK,PROG-03,LOW
SU-002,2026-01-26,0,SAFETY_STOCK,PROG-03,LOW
SU-002,2026-02-02,0,SAFETY_STOCK,PROG-03,LOW
SU-002,2026-02-09,0,SAFETY_STOCK,PROG-03,LOW
SU-002,2026-02-16,0,SAFETY_STOCK,PROG-03,LOW
SU-002,2026-02-23,1,PRODUCTION,PROG-03,MEDIUM
SU-002,2026-03-02,1,PLANNED_CAMPAIGN,PROG-03,MEDIUM
SU-002,2026-03-09,2,PLANNED_CAMPAIGN,PROG-03,MEDIUM
SU-002,2026-03-16,2,PLANNED_CAMPAIGN,PROG-03,MEDIUM
SU-002,2026-03-23,0,SAFETY_STOCK,PROG-04,LOW
SU-002,2026-03-30,0,SAFETY_STOCK,PROG-04,LOW
SU-002,2026-04-06,0,SAFETY_STOCK,PROG-04,LOW
SU-002,2026-04-13,0,SAFETY_STOCK,PROG-04,LOW
SU-002,2026-04-20,0,SAFETY_STOCK,PROG-04,LOW
SU-002,2026-04-27,0,SAFETY_STOCK,PROG-04,LOW
SU-002,2026-05-04,0,SAFETY_STOCK,PROG-04,LOW
SU-002,2026-05-11,1,PLANNED_CAMPAIGN,PROG-04,MEDIUM
SU-002,2026-05-18,2,PLANNED_CAMPAIGN,PROG-04,MEDIUM
SU-002,2026-05-25,2,PLANNED_CAMPAIGN,PROG-04,MEDIUM
SU-002,2026-06-01,0,SAFETY_STOCK,PROG-04,LOW
SU-002,2026-06-08,0,SAFETY_STOCK,PROG-04,LOW
SU-002,2026-06-15,0,SAFETY_STOCK,PROG-04,LOW
SU-002,2026-06-22,0,SAFETY_STOCK,PROG-04,LOW
SU-002,2026-06-29,0,SAFETY_STOCK,PROG-04,LOW
SU-003,2026-01-05,0,SAFETY_STOCK,PROG-01,LOW
SU-003,2026-01-12,1,PRODUCTION,PROG-01,HIGH
SU-003,2026-01-19,2,PRODUCTION,PROG-01,HIGH
SU-003,2026-01-26,1,PRODUCTION,PROG-01,HIGH
SU-003,2026-02-02,2,PRODUCTION,PROG-01,HIGH
SU-003,2026-02-09,1,PRODUCTION,PROG-01,HIGH
SU-003,2026-02-16,0,SAFETY_STOCK,PROG-03,LOW
SU-003,2026-02-23,1,PRODUCTION,PROG-03,MEDIUM
SU-003,2026-03-02,1,PLANNED_CAMPAIGN,PROG-03,MEDIUM
SU-003,2026-03-09,2,PLANNED_CAMPAIGN,PROG-03,MEDIUM
SU-003,2026-03-16,2,PLANNED_CAMPAIGN,PROG-03,MEDIUM
SU-003,2026-03-23,0,SAFETY_STOCK,PROG-02,LOW
SU-003,2026-03-30,1,PLANNED_CAMPAIGN,PROG-02,HIGH
SU-003,2026-04-06,2,PLANNED_CAMPAIGN,PROG-02,HIGH
SU-003,2026-04-13,1,PLANNED_CAMPAIGN,PROG-02,HIGH
SU-003,2026-04-20,2,PLANNED_CAMPAIGN,PROG-02,HIGH
SU-003,2026-04-27,1,PLANNED_CAMPAIGN,PROG-02,HIGH
SU-003,2026-05-04,0,SAFETY_STOCK,PROG-04,LOW
SU-003,2026-05-11,1,PLANNED_CAMPAIGN,PROG-04,MEDIUM
SU-003,2026-05-18,2,PLANNED_CAMPAIGN,PROG-04,MEDIUM
SU-003,2026-05-25,2,PLANNED_CAMPAIGN,PROG-04,MEDIUM
SU-003,2026-06-01,0,SAFETY_STOCK,PROG-01,LOW
SU-003,2026-06-08,1,PLANNED_CAMPAIGN,PROG-01,HIGH
SU-003,2026-06-15,2,PLANNED_CAMPAIGN,PROG-01,HIGH
SU-003,2026-06-22,2,PLANNED_CAMPAIGN,PROG-01,HIGH
SU-003,2026-06-29,2,PLANNED_CAMPAIGN,PROG-01,HIGH
SU-004,2026-01-05,0,SAFETY_STOCK,PROG-01,LOW
SU-004,2026-01-12,2,PRODUCTION,PROG-01,HIGH
SU-004,2026-01-19,4,PRODUCTION,PROG-01,HIGH
SU-004,2026-01-26,2,PRODUCTION,PROG-01,HIGH
SU-004,2026-02-02,4,PRODUCTION,PROG-01,HIGH
SU-004,2026-02-09,2,PRODUCTION,PROG-01,HIGH
SU-004,2026-02-16,0,SAFETY_STOCK,PROG-03,LOW
SU-004,2026-02-23,2,PRODUCTION,PROG-03,MEDIUM
SU-004,2026-03-02,2,PLANNED_CAMPAIGN,PROG-03,MEDIUM
SU-004,2026-03-09,4,PLANNED_CAMPAIGN,PROG-03,MEDIUM
SU-004,2026-03-16,4,PLANNED_CAMPAIGN,PROG-03,MEDIUM
SU-004,2026-03-23,0,SAFETY_STOCK,PROG-02,LOW
SU-004,2026-03-30,2,PLANNED_CAMPAIGN,PROG-02,HIGH
SU-004,2026-04-06,4,PLANNED_CAMPAIGN,PROG-02,HIGH
SU-004,2026-04-13,2,PLANNED_CAMPAIGN,PROG-02,HIGH
SU-004,2026-04-20,4,PLANNED_CAMPAIGN,PROG-02,HIGH
SU-004,2026-04-27,2,PLANNED_CAMPAIGN,PROG-02,HIGH
SU-004,2026-05-04,0,SAFETY_STOCK,PROG-04,LOW
SU-004,2026-05-11,2,PLANNED_CAMPAIGN,PROG-04,MEDIUM
SU-004,2026-05-18,4,PLANNED_CAMPAIGN,PROG-04,MEDIUM
SU-004,2026-05-25,4,PLANNED_CAMPAIGN,PROG-04,MEDIUM
SU-004,2026-06-01,0,SAFETY_STOCK,PROG-01,LOW
SU-004,2026-06-08,2,PLANNED_CAMPAIGN,PROG-01,HIGH
SU-004,2026-06-15,4,PLANNED_CAMPAIGN,PROG-01,HIGH
SU-004,2026-06-22,4,PLANNED_CAMPAIGN,PROG-01,HIGH
SU-004,2026-06-29,4,PLANNED_CAMPAIGN,PROG-01,HIGH
SU-005,2026-01-05,0,SAFETY_STOCK,PROG-01,LOW
SU-005,2026-01-12,4,PRODUCTION,PROG-01,HIGH
SU-005,2026-01-19,8,PRODUCTION,PROG-01,HIGH
SU-005,2026-01-26,4,PRODUCTION,PROG-01,HIGH
SU-005,2026-02-02,8,PRODUCTION,PROG-01,HIGH
SU-005,2026-02-09,4,PRODUCTION,PROG-01,HIGH
SU-005,2026-02-16,0,SAFETY_STOCK,PROG-03,LOW
SU-005,2026-02-23,4,PRODUCTION,PROG-03,MEDIUM
SU-005,2026-03-02,4,PLANNED_CAMPAIGN,PROG-03,MEDIUM
SU-005,2026-03-09,8,PLANNED_CAMPAIGN,PROG-03,MEDIUM
SU-005,2026-03-16,8,PLANNED_CAMPAIGN,PROG-03,MEDIUM
SU-005,2026-03-23,0,SAFETY_STOCK,PROG-02,LOW
SU-005,2026-03-30,4,PLANNED_CAMPAIGN,PROG-02,HIGH
SU-005,2026-04-06,8,PLANNED_CAMPAIGN,PROG-02,HIGH
SU-005,2026-04-13,4,PLANNED_CAMPAIGN,PROG-02,HIGH
SU-005,2026-04-20,8,PLANNED_CAMPAIGN,PROG-02,HIGH
SU-005,2026-04-27,4,PLANNED_CAMPAIGN,PROG-02,HIGH
SU-005,2026-05-04,0,SAFETY_STOCK,PROG-04,LOW
SU-005,2026-05-11,4,PLANNED_CAMPAIGN,PROG-04,MEDIUM
SU-005,2026-05-18,8,PLANNED_CAMPAIGN,PROG-04,MEDIUM
SU-005,2026-05-25,8,PLANNED_CAMPAIGN,PROG-04,MEDIUM
SU-005,2026-06-01,0,SAFETY_STOCK,PROG-01,LOW
SU-005,2026-06-08,4,PLANNED_CAMPAIGN,PROG-01,HIGH
SU-005,2026-06-15,8,PLANNED_CAMPAIGN,PROG-01,HIGH
SU-005,2026-06-22,8,PLANNED_CAMPAIGN,PROG-01,HIGH
SU-005,2026-06-29,8,PLANNED_CAMPAIGN,PROG-01,HIGH
SU-006,2026-01-05,0,SAFETY_STOCK,PROG-01,LOW
SU-006,2026-01-12,3,PRODUCTION,PROG-01,HIGH
SU-006,2026-01-19,6,PRODUCTION,PROG-01,HIGH
SU-006,2026-01-26,3,PRODUCTION,PROG-01,HIGH
SU-006,2026-02-02,6,PRODUCTION,PROG-01,HIGH
SU-006,2026-02-09,3,PRODUCTION,PROG-01,HIGH
SU-006,2026-02-16,0,SAFETY_STOCK,PROG-03,LOW
SU-006,2026-02-23,3,PRODUCTION,PROG-03,MEDIUM
SU-006,2026-03-02,3,PLANNED_CAMPAIGN,PROG-03,MEDIUM
SU-006,2026-03-09,6,PLANNED_CAMPAIGN,PROG-03,MEDIUM
SU-006,2026-03-16,6,PLANNED_CAMPAIGN,PROG-03,MEDIUM
SU-006,2026-03-23,0,SAFETY_STOCK,PROG-02,LOW
SU-006,2026-03-30,3,PLANNED_CAMPAIGN,PROG-02,HIGH
SU-006,2026-04-06,6,PLANNED_CAMPAIGN,PROG-02,HIGH
SU-006,2026-04-13,3,PLANNED_CAMPAIGN,PROG-02,HIGH
SU-006,2026-04-20,6,PLANNED_CAMPAIGN,PROG-02,HIGH
SU-006,2026-04-27,3,PLANNED_CAMPAIGN,PROG-02,HIGH
SU-006,2026-05-04,0,SAFETY_STOCK,PROG-04,LOW
SU-006,2026-05-11,3,PLANNED_CAMPAIGN,PROG-04,MEDIUM
SU-006,2026-05-18,6,PLANNED_CAMPAIGN,PROG-04,MEDIUM
SU-006,2026-05-25,6,PLANNED_CAMPAIGN,PROG-04,MEDIUM
SU-006,2026-06-01,0,SAFETY_STOCK,PROG-01,LOW
SU-006,2026-06-08,3,PLANNED_CAMPAIGN,PROG-01,HIGH
SU-006,2026-06-15,6,PLANNED_CAMPAIGN,PROG-01,HIGH
SU-006,2026-06-22,6,PLANNED_CAMPAIGN,PROG-01,HIGH
SU-006,2026-06-29,6,PLANNED_CAMPAIGN,PROG-01,HIGH
SU-007,2026-01-05,0,SAFETY_STOCK,PROG-01,LOW
SU-007,2026-01-12,6,PRODUCTION,PROG-01,MEDIUM
SU-007,2026-01-19,12,PRODUCTION,PROG-01,MEDIUM
SU-007,2026-01-26,6,PRODUCTION,PROG-01,MEDIUM
SU-007,2026-02-02,12,PRODUCTION,PROG-01,MEDIUM
SU-007,2026-02-09,6,PRODUCTION,PROG-01,MEDIUM
SU-007,2026-02-16,0,SAFETY_STOCK,PROG-03,LOW
SU-007,2026-02-23,6,PRODUCTION,PROG-03,LOW
SU-007,2026-03-02,6,PLANNED_CAMPAIGN,PROG-03,LOW
SU-007,2026-03-09,12,PLANNED_CAMPAIGN,PROG-03,LOW
SU-007,2026-03-16,12,PLANNED_CAMPAIGN,PROG-03,LOW
SU-007,2026-03-23,0,SAFETY_STOCK,PROG-02,LOW
SU-007,2026-03-30,6,PLANNED_CAMPAIGN,PROG-02,MEDIUM
SU-007,2026-04-06,12,PLANNED_CAMPAIGN,PROG-02,MEDIUM
SU-007,2026-04-13,6,PLANNED_CAMPAIGN,PROG-02,MEDIUM
SU-007,2026-04-20,12,PLANNED_CAMPAIGN,PROG-02,MEDIUM
SU-007,2026-04-27,6,PLANNED_CAMPAIGN,PROG-02,MEDIUM
SU-007,2026-05-04,0,SAFETY_STOCK,PROG-04,LOW
SU-007,2026-05-11,6,PLANNED_CAMPAIGN,PROG-04,LOW
SU-007,2026-05-18,12,PLANNED_CAMPAIGN,PROG-04,LOW
SU-007,2026-05-25,12,PLANNED_CAMPAIGN,PROG-04,LOW
SU-007,2026-06-01,0,SAFETY_STOCK,PROG-01,LOW
SU-007,2026-06-08,6,PLANNED_CAMPAIGN,PROG-01,MEDIUM
SU-007,2026-06-15,12,PLANNED_CAMPAIGN,PROG-01,MEDIUM
SU-007,2026-06-22,12,PLANNED_CAMPAIGN,PROG-01,MEDIUM
SU-007,2026-06-29,12,PLANNED_CAMPAIGN,PROG-01,MEDIUM
SU-008,2026-01-05,0,SAFETY_STOCK,PROG-01,LOW
SU-008,2026-01-12,8,PRODUCTION,PROG-01,MEDIUM
SU-008,2026-01-19,16,PRODUCTION,PROG-01,MEDIUM
SU-008,2026-01-26,8,PRODUCTION,PROG-01,MEDIUM
SU-008,2026-02-02,16,PRODUCTION,PROG-01,MEDIUM
SU-008,2026-02-09,8,PRODUCTION,PROG-01,MEDIUM
SU-008,2026-02-16,0,SAFETY_STOCK,PROG-03,LOW
SU-008,2026-02-23,8,PRODUCTION,PROG-03,LOW
SU-008,2026-03-02,8,PLANNED_CAMPAIGN,PROG-03,LOW
SU-008,2026-03-09,16,PLANNED_CAMPAIGN,PROG-03,LOW
SU-008,2026-03-16,16,PLANNED_CAMPAIGN,PROG-03,LOW
SU-008,2026-03-23,0,SAFETY_STOCK,PROG-02,LOW
SU-008,2026-03-30,8,PLANNED_CAMPAIGN,PROG-02,MEDIUM
SU-008,2026-04-06,16,PLANNED_CAMPAIGN,PROG-02,MEDIUM
SU-008,2026-04-13,8,PLANNED_CAMPAIGN,PROG-02,MEDIUM
SU-008,2026-04-20,16,PLANNED_CAMPAIGN,PROG-02,MEDIUM
SU-008,2026-04-27,8,PLANNED_CAMPAIGN,PROG-02,MEDIUM
SU-008,2026-05-04,0,SAFETY_STOCK,PROG-04,LOW
SU-008,2026-05-11,8,PLANNED_CAMPAIGN,PROG-04,LOW
SU-008,2026-05-18,16,PLANNED_CAMPAIGN,PROG-04,LOW
SU-008,2026-05-25,16,PLANNED_CAMPAIGN,PROG-04,LOW
SU-008,2026-06-01,0,SAFETY_STOCK,PROG-01,LOW
SU-008,2026-06-08,8,PLANNED_CAMPAIGN,PROG-01,MEDIUM
SU-008,2026-06-15,16,PLANNED_CAMPAIGN,PROG-01,MEDIUM
SU-008,2026-06-22,16,PLANNED_CAMPAIGN,PROG-01,MEDIUM
SU-008,2026-06-29,16,PLANNED_CAMPAIGN,PROG-01,MEDIUM
SU-009,2026-01-05,0,SAFETY_STOCK,PROG-01,LOW
SU-009,2026-01-12,6,PRODUCTION,PROG-01,MEDIUM
SU-009,2026-01-19,12,PRODUCTION,PROG-01,MEDIUM
SU-009,2026-01-26,6,PRODUCTION,PROG-01,MEDIUM
SU-009,2026-02-02,12,PRODUCTION,PROG-01,MEDIUM
SU-009,2026-02-09,6,PRODUCTION,PROG-01,MEDIUM
SU-009,2026-02-16,0,SAFETY_STOCK,PROG-03,LOW
SU-009,2026-02-23,6,PRODUCTION,PROG-03,LOW
SU-009,2026-03-02,6,PLANNED_CAMPAIGN,PROG-03,LOW
SU-009,2026-03-09,12,PLANNED_CAMPAIGN,PROG-03,LOW
SU-009,2026-03-16,12,PLANNED_CAMPAIGN,PROG-03,LOW
SU-009,2026-03-23,0,SAFETY_STOCK,PROG-02,LOW
SU-009,2026-03-30,6,PLANNED_CAMPAIGN,PROG-02,MEDIUM
SU-009,2026-04-06,12,PLANNED_CAMPAIGN,PROG-02,MEDIUM
SU-009,2026-04-13,6,PLANNED_CAMPAIGN,PROG-02,MEDIUM
SU-009,2026-04-20,12,PLANNED_CAMPAIGN,PROG-02,MEDIUM
SU-009,2026-04-27,6,PLANNED_CAMPAIGN,PROG-02,MEDIUM
SU-009,2026-05-04,0,SAFETY_STOCK,PROG-04,LOW
SU-009,2026-05-11,6,PLANNED_CAMPAIGN,PROG-04,LOW
SU-009,2026-05-18,12,PLANNED_CAMPAIGN,PROG-04,LOW
SU-009,2026-05-25,12,PLANNED_CAMPAIGN,PROG-04,LOW
SU-009,2026-06-01,0,SAFETY_STOCK,PROG-01,LOW
SU-009,2026-06-08,6,PLANNED_CAMPAIGN,PROG-01,MEDIUM
SU-009,2026-06-15,12,PLANNED_CAMPAIGN,PROG-01,MEDIUM
SU-009,2026-06-22,12,PLANNED_CAMPAIGN,PROG-01,MEDIUM
SU-009,2026-06-29,12,PLANNED_CAMPAIGN,PROG-01,MEDIUM
SU-010,2026-01-05,0,SAFETY_STOCK,PROG-01,LOW
SU-010,2026-01-12,3,PRODUCTION,PROG-01,HIGH
SU-010,2026-01-19,6,PRODUCTION,PROG-01,HIGH
SU-010,2026-01-26,3,PRODUCTION,PROG-01,HIGH
SU-010,2026-02-02,6,PRODUCTION,PROG-01,HIGH
SU-010,2026-02-09,3,PRODUCTION,PROG-01,HIGH
SU-010,2026-02-16,0,SAFETY_STOCK,PROG-02,LOW
SU-010,2026-02-23,0,SAFETY_STOCK,PROG-02,LOW
SU-010,2026-03-02,0,SAFETY_STOCK,PROG-02,LOW
SU-010,2026-03-09,0,SAFETY_STOCK,PROG-02,LOW
SU-010,2026-03-16,0,SAFETY_STOCK,PROG-02,LOW
SU-010,2026-03-23,0,SAFETY_STOCK,PROG-02,LOW
SU-010,2026-03-30,3,PLANNED_CAMPAIGN,PROG-02,HIGH
SU-010,2026-04-06,6,PLANNED_CAMPAIGN,PROG-02,HIGH
SU-010,2026-04-13,3,PLANNED_CAMPAIGN,PROG-02,HIGH
SU-010,2026-04-20,6,PLANNED_CAMPAIGN,PROG-02,HIGH
SU-010,2026-04-27,3,PLANNED_CAMPAIGN,PROG-02,HIGH
SU-010,2026-05-04,0,SAFETY_STOCK,PROG-01,LOW
SU-010,2026-05-11,0,SAFETY_STOCK,PROG-01,LOW
SU-010,2026-05-18,0,SAFETY_STOCK,PROG-01,LOW
SU-010,2026-05-25,0,SAFETY_STOCK,PROG-01,LOW
SU-010,2026-06-01,0,SAFETY_STOCK,PROG-01,LOW
SU-010,2026-06-08,3,PLANNED_CAMPAIGN,PROG-01,HIGH
SU-010,2026-06-15,6,PLANNED_CAMPAIGN,PROG-01,HIGH
SU-010,2026-06-22,6,PLANNED_CAMPAIGN,PROG-01,HIGH
SU-010,2026-06-29,6,PLANNED_CAMPAIGN,PROG-01,HIGH
SU-011,2026-01-05,0,SAFETY_STOCK,PROG-01,LOW
SU-011,2026-01-12,4,PRODUCTION,PROG-01,HIGH
SU-011,2026-01-19,8,PRODUCTION,PROG-01,HIGH
SU-011,2026-01-26,4,PRODUCTION,PROG-01,HIGH
SU-011,2026-02-02,8,PRODUCTION,PROG-01,HIGH
SU-011,2026-02-09,4,PRODUCTION,PROG-01,HIGH
SU-011,2026-02-16,0,SAFETY_STOCK,PROG-03,LOW
SU-011,2026-02-23,4,PRODUCTION,PROG-03,MEDIUM
SU-011,2026-03-02,4,PLANNED_CAMPAIGN,PROG-03,MEDIUM
SU-011,2026-03-09,8,PLANNED_CAMPAIGN,PROG-03,MEDIUM
SU-011,2026-03-16,8,PLANNED_CAMPAIGN,PROG-03,MEDIUM
SU-011,2026-03-23,0,SAFETY_STOCK,PROG-02,LOW
SU-011,2026-03-30,4,PLANNED_CAMPAIGN,PROG-02,HIGH
SU-011,2026-04-06,8,PLANNED_CAMPAIGN,PROG-02,HIGH
SU-011,2026-04-13,4,PLANNED_CAMPAIGN,PROG-02,HIGH
SU-011,2026-04-20,8,PLANNED_CAMPAIGN,PROG-02,HIGH
SU-011,2026-04-27,4,PLANNED_CAMPAIGN,PROG-02,HIGH
SU-011,2026-05-04,0,SAFETY_STOCK,PROG-04,LOW
SU-011,2026-05-11,4,PLANNED_CAMPAIGN,PROG-04,MEDIUM
SU-011,2026-05-18,8,PLANNED_CAMPAIGN,PROG-04,MEDIUM
SU-011,2026-05-25,8,PLANNED_CAMPAIGN,PROG-04,MEDIUM
SU-011,2026-06-01,0,SAFETY_STOCK,PROG-01,LOW
SU-011,2026-06-08,4,PLANNED_CAMPAIGN,PROG-01,HIGH
SU-011,2026-06-15,8,PLANNED_CAMPAIGN,PROG-01,HIGH
SU-011,2026-06-22,8,PLANNED_CAMPAIGN,PROG-01,HIGH
SU-011,2026-06-29,8,PLANNED_CAMPAIGN,PROG-01,HIGH
SU-012,2026-01-05,0,SAFETY_STOCK,PROG-01,LOW
SU-012,2026-01-12,1,PRODUCTION,PROG-01,HIGH
SU-012,2026-01-19,2,PRODUCTION,PROG-01,HIGH
SU-012,2026-01-26,1,PRODUCTION,PROG-01,HIGH
SU-012,2026-02-02,2,PRODUCTION,PROG-01,HIGH
SU-012,2026-02-09,1,PRODUCTION,PROG-01,HIGH
SU-012,2026-02-16,0,SAFETY_STOCK,PROG-03,LOW
SU-012,2026-02-23,1,PRODUCTION,PROG-03,MEDIUM
SU-012,2026-03-02,1,PLANNED_CAMPAIGN,PROG-03,MEDIUM
SU-012,2026-03-09,2,PLANNED_CAMPAIGN,PROG-03,MEDIUM
SU-012,2026-03-16,2,PLANNED_CAMPAIGN,PROG-03,MEDIUM
SU-012,2026-03-23,0,SAFETY_STOCK,PROG-02,LOW
SU-012,2026-03-30,1,PLANNED_CAMPAIGN,PROG-02,HIGH
SU-012,2026-04-06,2,PLANNED_CAMPAIGN,PROG-02,HIGH
SU-012,2026-04-13,1,PLANNED_CAMPAIGN,PROG-02,HIGH
SU-012,2026-04-20,2,PLANNED_CAMPAIGN,PROG-02,HIGH
SU-012,2026-04-27,1,PLANNED_CAMPAIGN,PROG-02,HIGH
SU-012,2026-05-04,0,SAFETY_STOCK,PROG-04,LOW
SU-012,2026-05-11,1,PLANNED_CAMPAIGN,PROG-04,MEDIUM
SU-012,2026-05-18,2,PLANNED_CAMPAIGN,PROG-04,MEDIUM
SU-012,2026-05-25,2,PLANNED_CAMPAIGN,PROG-04,MEDIUM
SU-012,2026-06-01,0,SAFETY_STOCK,PROG-01,LOW
SU-012,2026-06-08,1,PLANNED_CAMPAIGN,PROG-01,HIGH
SU-012,2026-06-15,2,PLANNED_CAMPAIGN,PROG-01,HIGH
SU-012,2026-06-22,2,PLANNED_CAMPAIGN,PROG-01,HIGH
SU-012,2026-06-29,2,PLANNED_CAMPAIGN,PROG-01,HIGH
SU-013,2026-01-05,0,SAFETY_STOCK,PROG-01,LOW
SU-013,2026-01-12,2,PRODUCTION,PROG-01,MEDIUM
SU-013,2026-01-19,4,PRODUCTION,PROG-01,MEDIUM
SU-013,2026-01-26,2,PRODUCTION,PROG-01,MEDIUM
SU-013,2026-02-02,4,PRODUCTION,PROG-01,MEDIUM
SU-013,2026-02-09,2,PRODUCTION,PROG-01,MEDIUM
SU-013,2026-02-16,0,SAFETY_STOCK,PROG-03,LOW
SU-013,2026-02-23,2,PRODUCTION,PROG-03,LOW
SU-013,2026-03-02,2,PLANNED_CAMPAIGN,PROG-03,LOW
SU-013,2026-03-09,4,PLANNED_CAMPAIGN,PROG-03,LOW
SU-013,2026-03-16,4,PLANNED_CAMPAIGN,PROG-03,LOW
SU-013,2026-03-23,0,SAFETY_STOCK,PROG-02,LOW
SU-013,2026-03-30,2,PLANNED_CAMPAIGN,PROG-02,MEDIUM
SU-013,2026-04-06,4,PLANNED_CAMPAIGN,PROG-02,MEDIUM
SU-013,2026-04-13,2,PLANNED_CAMPAIGN,PROG-02,MEDIUM
SU-013,2026-04-20,4,PLANNED_CAMPAIGN,PROG-02,MEDIUM
SU-013,2026-04-27,2,PLANNED_CAMPAIGN,PROG-02,MEDIUM
SU-013,2026-05-04,0,SAFETY_STOCK,PROG-04,LOW
SU-013,2026-05-11,2,PLANNED_CAMPAIGN,PROG-04,LOW
SU-013,2026-05-18,4,PLANNED_CAMPAIGN,PROG-04,LOW
SU-013,2026-05-25,4,PLANNED_CAMPAIGN,PROG-04,LOW
SU-013,2026-06-01,0,SAFETY_STOCK,PROG-01,LOW
SU-013,2026-06-08,2,PLANNED_CAMPAIGN,PROG-01,MEDIUM
SU-013,2026-06-15,4,PLANNED_CAMPAIGN,PROG-01,MEDIUM
SU-013,2026-06-22,4,PLANNED_CAMPAIGN,PROG-01,MEDIUM
SU-013,2026-06-29,4,PLANNED_CAMPAIGN,PROG-01,MEDIUM
SU-014,2026-01-05,0,SAFETY_STOCK,PROG-01,LOW
SU-014,2026-01-12,20,PRODUCTION,PROG-01,HIGH
SU-014,2026-01-19,40,PRODUCTION,PROG-01,HIGH
SU-014,2026-01-26,20,PRODUCTION,PROG-01,HIGH
SU-014,2026-02-02,40,PRODUCTION,PROG-01,HIGH
SU-014,2026-02-09,20,PRODUCTION,PROG-01,HIGH
SU-014,2026-02-16,0,SAFETY_STOCK,PROG-03,LOW
SU-014,2026-02-23,20,PRODUCTION,PROG-03,MEDIUM
SU-014,2026-03-02,20,PLANNED_CAMPAIGN,PROG-03,MEDIUM
SU-014,2026-03-09,40,PLANNED_CAMPAIGN,PROG-03,MEDIUM
SU-014,2026-03-16,40,PLANNED_CAMPAIGN,PROG-03,MEDIUM
SU-014,2026-03-23,0,SAFETY_STOCK,PROG-02,LOW
SU-014,2026-03-30,20,PLANNED_CAMPAIGN,PROG-02,HIGH
SU-014,2026-04-06,40,PLANNED_CAMPAIGN,PROG-02,HIGH
SU-014,2026-04-13,20,PLANNED_CAMPAIGN,PROG-02,HIGH
SU-014,2026-04-20,40,PLANNED_CAMPAIGN,PROG-02,HIGH
SU-014,2026-04-27,20,PLANNED_CAMPAIGN,PROG-02,HIGH
SU-014,2026-05-04,0,SAFETY_STOCK,PROG-04,LOW
SU-014,2026-05-11,20,PLANNED_CAMPAIGN,PROG-04,MEDIUM
SU-014,2026-05-18,40,PLANNED_CAMPAIGN,PROG-04,MEDIUM
SU-014,2026-05-25,40,PLANNED_CAMPAIGN,PROG-04,MEDIUM
SU-014,2026-06-01,0,SAFETY_STOCK,PROG-01,LOW
SU-014,2026-06-08,20,PLANNED_CAMPAIGN,PROG-01,HIGH
SU-014,2026-06-15,40,PLANNED_CAMPAIGN,PROG-01,HIGH
SU-014,2026-06-22,40,PLANNED_CAMPAIGN,PROG-01,HIGH
SU-014,2026-06-29,40,PLANNED_CAMPAIGN,PROG-01,HIGH
SU-015,2026-01-05,0,SAFETY_STOCK,PROG-01,LOW
SU-015,2026-01-12,10,PRODUCTION,PROG-01,MEDIUM
SU-015,2026-01-19,20,PRODUCTION,PROG-01,MEDIUM
SU-015,2026-01-26,10,PRODUCTION,PROG-01,MEDIUM
SU-015,2026-02-02,20,PRODUCTION,PROG-01,MEDIUM
SU-015,2026-02-09,10,PRODUCTION,PROG-01,MEDIUM
SU-015,2026-02-16,0,SAFETY_STOCK,PROG-03,LOW
SU-015,2026-02-23,10,PRODUCTION,PROG-03,LOW
SU-015,2026-03-02,10,PLANNED_CAMPAIGN,PROG-03,LOW
SU-015,2026-03-09,20,PLANNED_CAMPAIGN,PROG-03,LOW
SU-015,2026-03-16,20,PLANNED_CAMPAIGN,PROG-03,LOW
SU-015,2026-03-23,0,SAFETY_STOCK,PROG-02,LOW
SU-015,2026-03-30,10,PLANNED_CAMPAIGN,PROG-02,MEDIUM
SU-015,2026-04-06,20,PLANNED_CAMPAIGN,PROG-02,MEDIUM
SU-015,2026-04-13,10,PLANNED_CAMPAIGN,PROG-02,MEDIUM
SU-015,2026-04-20,20,PLANNED_CAMPAIGN,PROG-02,MEDIUM
SU-015,2026-04-27,10,PLANNED_CAMPAIGN,PROG-02,MEDIUM
SU-015,2026-05-04,0,SAFETY_STOCK,PROG-04,LOW
SU-015,2026-05-11,10,PLANNED_CAMPAIGN,PROG-04,LOW
SU-015,2026-05-18,20,PLANNED_CAMPAIGN,PROG-04,LOW
SU-015,2026-05-25,20,PLANNED_CAMPAIGN,PROG-04,LOW
SU-015,2026-06-01,0,SAFETY_STOCK,PROG-01,LOW
SU-015,2026-06-08,10,PLANNED_CAMPAIGN,PROG-01,MEDIUM
SU-015,2026-06-15,20,PLANNED_CAMPAIGN,PROG-01,MEDIUM
SU-015,2026-06-22,20,PLANNED_CAMPAIGN,PROG-01,MEDIUM
SU-015,2026-06-29,20,PLANNED_CAMPAIGN,PROG-01,MEDIUM
SU-016,2026-01-05,0,SAFETY_STOCK,PROG-01,LOW
SU-016,2026-01-12,8,PRODUCTION,PROG-01,MEDIUM
SU-016,2026-01-19,16,PRODUCTION,PROG-01,MEDIUM
SU-016,2026-01-26,8,PRODUCTION,PROG-01,MEDIUM
SU-016,2026-02-02,16,PRODUCTION,PROG-01,MEDIUM
SU-016,2026-02-09,8,PRODUCTION,PROG-01,MEDIUM
SU-016,2026-02-16,0,SAFETY_STOCK,PROG-03,LOW
SU-016,2026-02-23,8,PRODUCTION,PROG-03,LOW
SU-016,2026-03-02,8,PLANNED_CAMPAIGN,PROG-03,LOW
SU-016,2026-03-09,16,PLANNED_CAMPAIGN,PROG-03,LOW
SU-016,2026-03-16,16,PLANNED_CAMPAIGN,PROG-03,LOW
SU-016,2026-03-23,0,SAFETY_STOCK,PROG-02,LOW
SU-016,2026-03-30,8,PLANNED_CAMPAIGN,PROG-02,MEDIUM
SU-016,2026-04-06,16,PLANNED_CAMPAIGN,PROG-02,MEDIUM
SU-016,2026-04-13,8,PLANNED_CAMPAIGN,PROG-02,MEDIUM
SU-016,2026-04-20,16,PLANNED_CAMPAIGN,PROG-02,MEDIUM
SU-016,2026-04-27,8,PLANNED_CAMPAIGN,PROG-02,MEDIUM
SU-016,2026-05-04,0,SAFETY_STOCK,PROG-04,LOW
SU-016,2026-05-11,8,PLANNED_CAMPAIGN,PROG-04,LOW
SU-016,2026-05-18,16,PLANNED_CAMPAIGN,PROG-04,LOW
SU-016,2026-05-25,16,PLANNED_CAMPAIGN,PROG-04,LOW
SU-016,2026-06-01,0,SAFETY_STOCK,PROG-01,LOW
SU-016,2026-06-08,8,PLANNED_CAMPAIGN,PROG-01,MEDIUM
SU-016,2026-06-15,16,PLANNED_CAMPAIGN,PROG-01,MEDIUM
SU-016,2026-06-22,16,PLANNED_CAMPAIGN,PROG-01,MEDIUM
SU-016,2026-06-29,16,PLANNED_CAMPAIGN,PROG-01,MEDIUM
SU-017,2026-01-05,0,SAFETY_STOCK,PROG-01,LOW
SU-017,2026-01-12,6,PRODUCTION,PROG-01,HIGH
SU-017,2026-01-19,12,PRODUCTION,PROG-01,HIGH
SU-017,2026-01-26,6,PRODUCTION,PROG-01,HIGH
SU-017,2026-02-02,12,PRODUCTION,PROG-01,HIGH
SU-017,2026-02-09,6,PRODUCTION,PROG-01,HIGH
SU-017,2026-02-16,0,SAFETY_STOCK,PROG-03,LOW
SU-017,2026-02-23,6,PRODUCTION,PROG-03,MEDIUM
SU-017,2026-03-02,6,PLANNED_CAMPAIGN,PROG-03,MEDIUM
SU-017,2026-03-09,12,PLANNED_CAMPAIGN,PROG-03,MEDIUM
SU-017,2026-03-16,12,PLANNED_CAMPAIGN,PROG-03,MEDIUM
SU-017,2026-03-23,0,SAFETY_STOCK,PROG-02,LOW
SU-017,2026-03-30,6,PLANNED_CAMPAIGN,PROG-02,HIGH
SU-017,2026-04-06,12,PLANNED_CAMPAIGN,PROG-02,HIGH
SU-017,2026-04-13,6,PLANNED_CAMPAIGN,PROG-02,HIGH
SU-017,2026-04-20,12,PLANNED_CAMPAIGN,PROG-02,HIGH
SU-017,2026-04-27,6,PLANNED_CAMPAIGN,PROG-02,HIGH
SU-017,2026-05-04,0,SAFETY_STOCK,PROG-04,LOW
SU-017,2026-05-11,6,PLANNED_CAMPAIGN,PROG-04,MEDIUM
SU-017,2026-05-18,12,PLANNED_CAMPAIGN,PROG-04,MEDIUM
SU-017,2026-05-25,12,PLANNED_CAMPAIGN,PROG-04,MEDIUM
SU-017,2026-06-01,0,SAFETY_STOCK,PROG-01,LOW
SU-017,2026-06-08,6,PLANNED_CAMPAIGN,PROG-01,HIGH
SU-017,2026-06-15,12,PLANNED_CAMPAIGN,PROG-01,HIGH
SU-017,2026-06-22,12,PLANNED_CAMPAIGN,PROG-01,HIGH
SU-017,2026-06-29,12,PLANNED_CAMPAIGN,PROG-01,HIGH
SU-018,2026-01-05,0,SAFETY_STOCK,PROG-01,LOW
SU-018,2026-01-12,30,PRODUCTION,PROG-01,MEDIUM
SU-018,2026-01-19,60,PRODUCTION,PROG-01,MEDIUM
SU-018,2026-01-26,30,PRODUCTION,PROG-01,MEDIUM
SU-018,2026-02-02,60,PRODUCTION,PROG-01,MEDIUM
SU-018,2026-02-09,30,PRODUCTION,PROG-01,MEDIUM
SU-018,2026-02-16,0,SAFETY_STOCK,PROG-03,LOW
SU-018,2026-02-23,30,PRODUCTION,PROG-03,LOW
SU-018,2026-03-02,30,PLANNED_CAMPAIGN,PROG-03,LOW
SU-018,2026-03-09,60,PLANNED_CAMPAIGN,PROG-03,LOW
SU-018,2026-03-16,60,PLANNED_CAMPAIGN,PROG-03,LOW
SU-018,2026-03-23,0,SAFETY_STOCK,PROG-02,LOW
SU-018,2026-03-30,30,PLANNED_CAMPAIGN,PROG-02,MEDIUM
SU-018,2026-04-06,60,PLANNED_CAMPAIGN,PROG-02,MEDIUM
SU-018,2026-04-13,30,PLANNED_CAMPAIGN,PROG-02,MEDIUM
SU-018,2026-04-20,60,PLANNED_CAMPAIGN,PROG-02,MEDIUM
SU-018,2026-04-27,30,PLANNED_CAMPAIGN,PROG-02,MEDIUM
SU-018,2026-05-04,0,SAFETY_STOCK,PROG-04,LOW
SU-018,2026-05-11,30,PLANNED_CAMPAIGN,PROG-04,LOW
SU-018,2026-05-18,60,PLANNED_CAMPAIGN,PROG-04,LOW
SU-018,2026-05-25,60,PLANNED_CAMPAIGN,PROG-04,LOW
SU-018,2026-06-01,0,SAFETY_STOCK,PROG-01,LOW
SU-018,2026-06-08,30,PLANNED_CAMPAIGN,PROG-01,MEDIUM
SU-018,2026-06-15,60,PLANNED_CAMPAIGN,PROG-01,MEDIUM
SU-018,2026-06-22,60,PLANNED_CAMPAIGN,PROG-01,MEDIUM
SU-018,2026-06-29,60,PLANNED_CAMPAIGN,PROG-01,MEDIUM
SU-019,2026-01-05,0,SAFETY_STOCK,PROG-01,LOW
SU-019,2026-01-12,6,PRODUCTION,PROG-01,MEDIUM
SU-019,2026-01-19,12,PRODUCTION,PROG-01,MEDIUM
SU-019,2026-01-26,6,PRODUCTION,PROG-01,MEDIUM
SU-019,2026-02-02,12,PRODUCTION,PROG-01,MEDIUM
SU-019,2026-02-09,6,PRODUCTION,PROG-01,MEDIUM
SU-019,2026-02-16,0,SAFETY_STOCK,PROG-03,LOW
SU-019,2026-02-23,6,PRODUCTION,PROG-03,LOW
SU-019,2026-03-02,6,PLANNED_CAMPAIGN,PROG-03,LOW
SU-019,2026-03-09,12,PLANNED_CAMPAIGN,PROG-03,LOW
SU-019,2026-03-16,12,PLANNED_CAMPAIGN,PROG-03,LOW
SU-019,2026-03-23,0,SAFETY_STOCK,PROG-02,LOW
SU-019,2026-03-30,6,PLANNED_CAMPAIGN,PROG-02,MEDIUM
SU-019,2026-04-06,12,PLANNED_CAMPAIGN,PROG-02,MEDIUM
SU-019,2026-04-13,6,PLANNED_CAMPAIGN,PROG-02,MEDIUM
SU-019,2026-04-20,12,PLANNED_CAMPAIGN,PROG-02,MEDIUM
SU-019,2026-04-27,6,PLANNED_CAMPAIGN,PROG-02,MEDIUM
SU-019,2026-05-04,0,SAFETY_STOCK,PROG-04,LOW
SU-019,2026-05-11,6,PLANNED_CAMPAIGN,PROG-04,LOW
SU-019,2026-05-18,12,PLANNED_CAMPAIGN,PROG-04,LOW
SU-019,2026-05-25,12,PLANNED_CAMPAIGN,PROG-04,LOW
SU-019,2026-06-01,0,SAFETY_STOCK,PROG-01,LOW
SU-019,2026-06-08,6,PLANNED_CAMPAIGN,PROG-01,MEDIUM
SU-019,2026-06-15,12,PLANNED_CAMPAIGN,PROG-01,MEDIUM
SU-019,2026-06-22,12,PLANNED_CAMPAIGN,PROG-01,MEDIUM
SU-019,2026-06-29,12,PLANNED_CAMPAIGN,PROG-01,MEDIUM
SU-020,2026-01-05,0,SAFETY_STOCK,PROG-01,LOW
SU-020,2026-01-12,3,PRODUCTION,PROG-01,MEDIUM
SU-020,2026-01-19,6,PRODUCTION,PROG-01,MEDIUM
SU-020,2026-01-26,3,PRODUCTION,PROG-01,MEDIUM
SU-020,2026-02-02,6,PRODUCTION,PROG-01,MEDIUM
SU-020,2026-02-09,3,PRODUCTION,PROG-01,MEDIUM
SU-020,2026-02-16,0,SAFETY_STOCK,PROG-03,LOW
SU-020,2026-02-23,3,PRODUCTION,PROG-03,LOW
SU-020,2026-03-02,3,PLANNED_CAMPAIGN,PROG-03,LOW
SU-020,2026-03-09,6,PLANNED_CAMPAIGN,PROG-03,LOW
SU-020,2026-03-16,6,PLANNED_CAMPAIGN,PROG-03,LOW
SU-020,2026-03-23,0,SAFETY_STOCK,PROG-02,LOW
SU-020,2026-03-30,3,PLANNED_CAMPAIGN,PROG-02,MEDIUM
SU-020,2026-04-06,6,PLANNED_CAMPAIGN,PROG-02,MEDIUM
SU-020,2026-04-13,3,PLANNED_CAMPAIGN,PROG-02,MEDIUM
SU-020,2026-04-20,6,PLANNED_CAMPAIGN,PROG-02,MEDIUM
SU-020,2026-04-27,3,PLANNED_CAMPAIGN,PROG-02,MEDIUM
SU-020,2026-05-04,0,SAFETY_STOCK,PROG-04,LOW
SU-020,2026-05-11,3,PLANNED_CAMPAIGN,PROG-04,LOW
SU-020,2026-05-18,6,PLANNED_CAMPAIGN,PROG-04,LOW
SU-020,2026-05-25,6,PLANNED_CAMPAIGN,PROG-04,LOW
SU-020,2026-06-01,0,SAFETY_STOCK,PROG-01,LOW
SU-020,2026-06-08,3,PLANNED_CAMPAIGN,PROG-01,MEDIUM
SU-020,2026-06-15,6,PLANNED_CAMPAIGN,PROG-01,MEDIUM
SU-020,2026-06-22,6,PLANNED_CAMPAIGN,PROG-01,MEDIUM
SU-020,2026-06-29,6,PLANNED_CAMPAIGN,PROG-01,MEDIUM
SU-021,2026-01-05,0,SAFETY_STOCK,PROG-01,LOW
SU-021,2026-01-12,3,PRODUCTION,PROG-01,HIGH
SU-021,2026-01-19,6,PRODUCTION,PROG-01,HIGH
SU-021,2026-01-26,3,PRODUCTION,PROG-01,HIGH
SU-021,2026-02-02,6,PRODUCTION,PROG-01,HIGH
SU-021,2026-02-09,3,PRODUCTION,PROG-01,HIGH
SU-021,2026-02-16,0,SAFETY_STOCK,PROG-03,LOW
SU-021,2026-02-23,3,PRODUCTION,PROG-03,MEDIUM
SU-021,2026-03-02,3,PLANNED_CAMPAIGN,PROG-03,MEDIUM
SU-021,2026-03-09,6,PLANNED_CAMPAIGN,PROG-03,MEDIUM
SU-021,2026-03-16,6,PLANNED_CAMPAIGN,PROG-03,MEDIUM
SU-021,2026-03-23,0,SAFETY_STOCK,PROG-02,LOW
SU-021,2026-03-30,3,PLANNED_CAMPAIGN,PROG-02,HIGH
SU-021,2026-04-06,6,PLANNED_CAMPAIGN,PROG-02,HIGH
SU-021,2026-04-13,3,PLANNED_CAMPAIGN,PROG-02,HIGH
SU-021,2026-04-20,6,PLANNED_CAMPAIGN,PROG-02,HIGH
SU-021,2026-04-27,3,PLANNED_CAMPAIGN,PROG-02,HIGH
SU-021,2026-05-04,0,SAFETY_STOCK,PROG-04,LOW
SU-021,2026-05-11,3,PLANNED_CAMPAIGN,PROG-04,MEDIUM
SU-021,2026-05-18,6,PLANNED_CAMPAIGN,PROG-04,MEDIUM
SU-021,2026-05-25,6,PLANNED_CAMPAIGN,PROG-04,MEDIUM
SU-021,2026-06-01,0,SAFETY_STOCK,PROG-01,LOW
SU-021,2026-06-08,3,PLANNED_CAMPAIGN,PROG-01,HIGH
SU-021,2026-06-15,6,PLANNED_CAMPAIGN,PROG-01,HIGH
SU-021,2026-06-22,6,PLANNED_CAMPAIGN,PROG-01,HIGH
SU-021,2026-06-29,6,PLANNED_CAMPAIGN,PROG-01,HIGH
SU-022,2026-01-05,0,SAFETY_STOCK,PROG-01,LOW
SU-022,2026-01-12,6,PRODUCTION,PROG-01,HIGH
SU-022,2026-01-19,12,PRODUCTION,PROG-01,HIGH
SU-022,2026-01-26,6,PRODUCTION,PROG-01,HIGH
SU-022,2026-02-02,12,PRODUCTION,PROG-01,HIGH
SU-022,2026-02-09,6,PRODUCTION,PROG-01,HIGH
SU-022,2026-02-16,0,SAFETY_STOCK,PROG-03,LOW
SU-022,2026-02-23,6,PRODUCTION,PROG-03,MEDIUM
SU-022,2026-03-02,6,PLANNED_CAMPAIGN,PROG-03,MEDIUM
SU-022,2026-03-09,12,PLANNED_CAMPAIGN,PROG-03,MEDIUM
SU-022,2026-03-16,12,PLANNED_CAMPAIGN,PROG-03,MEDIUM
SU-022,2026-03-23,0,SAFETY_STOCK,PROG-02,LOW
SU-022,2026-03-30,6,PLANNED_CAMPAIGN,PROG-02,HIGH
SU-022,2026-04-06,12,PLANNED_CAMPAIGN,PROG-02,HIGH
SU-022,2026-04-13,6,PLANNED_CAMPAIGN,PROG-02,HIGH
SU-022,2026-04-20,12,PLANNED_CAMPAIGN,PROG-02,HIGH
SU-022,2026-04-27,6,PLANNED_CAMPAIGN,PROG-02,HIGH
SU-022,2026-05-04,0,SAFETY_STOCK,PROG-04,LOW
SU-022,2026-05-11,6,PLANNED_CAMPAIGN,PROG-04,MEDIUM
SU-022,2026-05-18,12,PLANNED_CAMPAIGN,PROG-04,MEDIUM
SU-022,2026-05-25,12,PLANNED_CAMPAIGN,PROG-04,MEDIUM
SU-022,2026-06-01,0,SAFETY_STOCK,PROG-01,LOW
SU-022,2026-06-08,6,PLANNED_CAMPAIGN,PROG-01,HIGH
SU-022,2026-06-15,12,PLANNED_CAMPAIGN,PROG-01,HIGH
SU-022,2026-06-22,12,PLANNED_CAMPAIGN,PROG-01,HIGH
SU-022,2026-06-29,12,PLANNED_CAMPAIGN,PROG-01,HIGH
SU-023,2026-01-05,0,SAFETY_STOCK,PROG-01,LOW
SU-023,2026-01-12,4,PRODUCTION,PROG-01,HIGH
SU-023,2026-01-19,8,PRODUCTION,PROG-01,HIGH
SU-023,2026-01-26,4,PRODUCTION,PROG-01,HIGH
SU-023,2026-02-02,8,PRODUCTION,PROG-01,HIGH
SU-023,2026-02-09,4,PRODUCTION,PROG-01,HIGH
SU-023,2026-02-16,0,SAFETY_STOCK,PROG-03,LOW
SU-023,2026-02-23,4,PRODUCTION,PROG-03,MEDIUM
SU-023,2026-03-02,4,PLANNED_CAMPAIGN,PROG-03,MEDIUM
SU-023,2026-03-09,8,PLANNED_CAMPAIGN,PROG-03,MEDIUM
SU-023,2026-03-16,8,PLANNED_CAMPAIGN,PROG-03,MEDIUM
SU-023,2026-03-23,0,SAFETY_STOCK,PROG-02,LOW
SU-023,2026-03-30,4,PLANNED_CAMPAIGN,PROG-02,HIGH
SU-023,2026-04-06,8,PLANNED_CAMPAIGN,PROG-02,HIGH
SU-023,2026-04-13,4,PLANNED_CAMPAIGN,PROG-02,HIGH
SU-023,2026-04-20,8,PLANNED_CAMPAIGN,PROG-02,HIGH
SU-023,2026-04-27,4,PLANNED_CAMPAIGN,PROG-02,HIGH
SU-023,2026-05-04,0,SAFETY_STOCK,PROG-04,LOW
SU-023,2026-05-11,4,PLANNED_CAMPAIGN,PROG-04,MEDIUM
SU-023,2026-05-18,8,PLANNED_CAMPAIGN,PROG-04,MEDIUM
SU-023,2026-05-25,8,PLANNED_CAMPAIGN,PROG-04,MEDIUM
SU-023,2026-06-01,0,SAFETY_STOCK,PROG-01,LOW
SU-023,2026-06-08,4,PLANNED_CAMPAIGN,PROG-01,HIGH
SU-023,2026-06-15,8,PLANNED_CAMPAIGN,PROG-01,HIGH
SU-023,2026-06-22,8,PLANNED_CAMPAIGN,PROG-01,HIGH
SU-023,2026-06-29,8,PLANNED_CAMPAIGN,PROG-01,HIGH
PK-001,2026-01-05,0,SAFETY_STOCK,PROG-01,LOW
PK-001,2026-01-12,0,SAFETY_STOCK,PROG-01,LOW
PK-001,2026-01-19,0,SAFETY_STOCK,PROG-01,LOW
PK-001,2026-01-26,0,SAFETY_STOCK,PROG-01,LOW
PK-001,2026-02-02,0,SAFETY_STOCK,PROG-01,LOW
PK-001,2026-02-09,0,SAFETY_STOCK,PROG-01,LOW
PK-001,2026-02-16,0,SAFETY_STOCK,PROG-01,LOW
PK-001,2026-02-23,0,SAFETY_STOCK,PROG-01,LOW
PK-001,2026-03-02,22950,PLANNED_CAMPAIGN,PROG-01,HIGH
PK-001,2026-03-09,25500,PLANNED_CAMPAIGN,PROG-01,HIGH
PK-001,2026-03-16,26010,PLANNED_CAMPAIGN,PROG-01,HIGH
PK-001,2026-03-23,0,SAFETY_STOCK,PROG-01,LOW
PK-001,2026-03-30,0,SAFETY_STOCK,PROG-01,LOW
PK-001,2026-04-06,0,SAFETY_STOCK,PROG-01,LOW
PK-001,2026-04-13,0,SAFETY_STOCK,PROG-01,LOW
PK-001,2026-04-20,0,SAFETY_STOCK,PROG-01,LOW
PK-001,2026-04-27,0,SAFETY_STOCK,PROG-01,LOW
PK-001,2026-05-04,0,SAFETY_STOCK,PROG-01,LOW
PK-001,2026-05-11,0,SAFETY_STOCK,PROG-01,LOW
PK-001,2026-05-18,0,SAFETY_STOCK,PROG-01,LOW
PK-001,2026-05-25,0,SAFETY_STOCK,PROG-01,LOW
PK-001,2026-06-01,0,SAFETY_STOCK,PROG-01,LOW
PK-001,2026-06-08,0,SAFETY_STOCK,PROG-01,LOW
PK-001,2026-06-15,0,SAFETY_STOCK,PROG-01,LOW
PK-001,2026-06-22,0,SAFETY_STOCK,PROG-01,LOW
PK-001,2026-06-29,0,SAFETY_STOCK,PROG-01,LOW
PK-002,2026-01-05,0,SAFETY_STOCK,PROG-03,LOW
PK-002,2026-01-12,0,SAFETY_STOCK,PROG-03,LOW
PK-002,2026-01-19,0,SAFETY_STOCK,PROG-03,LOW
PK-002,2026-01-26,0,SAFETY_STOCK,PROG-03,LOW
PK-002,2026-02-02,0,SAFETY_STOCK,PROG-03,LOW
PK-002,2026-02-09,0,SAFETY_STOCK,PROG-03,LOW
PK-002,2026-02-16,0,SAFETY_STOCK,PROG-03,LOW
PK-002,2026-02-23,0,SAFETY_STOCK,PROG-03,LOW
PK-002,2026-03-02,0,SAFETY_STOCK,PROG-03,LOW
PK-002,2026-03-09,0,SAFETY_STOCK,PROG-03,LOW
PK-002,2026-03-16,0,SAFETY_STOCK,PROG-03,LOW
PK-002,2026-03-23,0,SAFETY_STOCK,PROG-03,LOW
PK-002,2026-03-30,0,SAFETY_STOCK,PROG-03,LOW
PK-002,2026-04-06,0,SAFETY_STOCK,PROG-03,LOW
PK-002,2026-04-13,16830,PLANNED_CAMPAIGN,PROG-03,MEDIUM
PK-002,2026-04-20,18870,PLANNED_CAMPAIGN,PROG-03,MEDIUM
PK-002,2026-04-27,0,SAFETY_STOCK,PROG-03,LOW
PK-002,2026-05-04,0,SAFETY_STOCK,PROG-03,LOW
PK-002,2026-05-11,0,SAFETY_STOCK,PROG-03,LOW
PK-002,2026-05-18,0,SAFETY_STOCK,PROG-03,LOW
PK-002,2026-05-25,0,SAFETY_STOCK,PROG-03,LOW
PK-002,2026-06-01,0,SAFETY_STOCK,PROG-03,LOW
PK-002,2026-06-08,0,SAFETY_STOCK,PROG-03,LOW
PK-002,2026-06-15,0,SAFETY_STOCK,PROG-03,LOW
PK-002,2026-06-22,0,SAFETY_STOCK,PROG-03,LOW
PK-002,2026-06-29,0,SAFETY_STOCK,PROG-03,LOW
PK-003,2026-01-05,0,SAFETY_STOCK,PROG-02,LOW
PK-003,2026-01-12,0,SAFETY_STOCK,PROG-02,LOW
PK-003,2026-01-19,29070,PRODUCTION,PROG-02,HIGH
PK-003,2026-01-26,32130,PRODUCTION,PROG-02,HIGH
PK-003,2026-02-02,0,SAFETY_STOCK,PROG-02,LOW
PK-003,2026-02-09,0,SAFETY_STOCK,PROG-02,LOW
PK-003,2026-02-16,0,SAFETY_STOCK,PROG-02,LOW
PK-003,2026-02-23,0,SAFETY_STOCK,PROG-02,LOW
PK-003,2026-03-02,0,SAFETY_STOCK,PROG-02,LOW
PK-003,2026-03-09,0,SAFETY_STOCK,PROG-02,LOW
PK-003,2026-03-16,0,SAFETY_STOCK,PROG-02,LOW
PK-003,2026-03-23,0,SAFETY_STOCK,PROG-02,LOW
PK-003,2026-03-30,0,SAFETY_STOCK,PROG-02,LOW
PK-003,2026-04-06,0,SAFETY_STOCK,PROG-02,LOW
PK-003,2026-04-13,0,SAFETY_STOCK,PROG-02,LOW
PK-003,2026-04-20,0,SAFETY_STOCK,PROG-02,LOW
PK-003,2026-04-27,0,SAFETY_STOCK,PROG-02,LOW
PK-003,2026-05-04,0,SAFETY_STOCK,PROG-02,LOW
PK-003,2026-05-11,0,SAFETY_STOCK,PROG-02,LOW
PK-003,2026-05-18,0,SAFETY_STOCK,PROG-02,LOW
PK-003,2026-05-25,28050,PLANNED_CAMPAIGN,PROG-02,HIGH
PK-003,2026-06-01,32130,PLANNED_CAMPAIGN,PROG-02,HIGH
PK-003,2026-06-08,28050,PLANNED_CAMPAIGN,PROG-02,HIGH
PK-003,2026-06-15,0,SAFETY_STOCK,PROG-02,LOW
PK-003,2026-06-22,0,SAFETY_STOCK,PROG-02,LOW
PK-003,2026-06-29,0,SAFETY_STOCK,PROG-02,LOW
PK-004,2026-01-05,0,SAFETY_STOCK,PROG-01,LOW
PK-004,2026-01-12,0,SAFETY_STOCK,PROG-01,LOW
PK-004,2026-01-19,0,SAFETY_STOCK,PROG-01,LOW
PK-004,2026-01-26,0,SAFETY_STOCK,PROG-01,LOW
PK-004,2026-02-02,0,SAFETY_STOCK,PROG-01,LOW
PK-004,2026-02-09,0,SAFETY_STOCK,PROG-01,LOW
PK-004,2026-02-16,0,SAFETY_STOCK,PROG-01,LOW
PK-004,2026-02-23,0,SAFETY_STOCK,PROG-01,LOW
PK-004,2026-03-02,22950,PLANNED_CAMPAIGN,PROG-01,HIGH
PK-004,2026-03-09,25500,PLANNED_CAMPAIGN,PROG-01,HIGH
PK-004,2026-03-16,26010,PLANNED_CAMPAIGN,PROG-01,HIGH
PK-004,2026-03-23,0,SAFETY_STOCK,PROG-01,LOW
PK-004,2026-03-30,0,SAFETY_STOCK,PROG-01,LOW
PK-004,2026-04-06,0,SAFETY_STOCK,PROG-01,LOW
PK-004,2026-04-13,0,SAFETY_STOCK,PROG-01,LOW
PK-004,2026-04-20,0,SAFETY_STOCK,PROG-01,LOW
PK-004,2026-04-27,0,SAFETY_STOCK,PROG-01,LOW
PK-004,2026-05-04,0,SAFETY_STOCK,PROG-01,LOW
PK-004,2026-05-11,0,SAFETY_STOCK,PROG-01,LOW
PK-004,2026-05-18,0,SAFETY_STOCK,PROG-01,LOW
PK-004,2026-05-25,0,SAFETY_STOCK,PROG-01,LOW
PK-004,2026-06-01,0,SAFETY_STOCK,PROG-01,LOW
PK-004,2026-06-08,0,SAFETY_STOCK,PROG-01,LOW
PK-004,2026-06-15,0,SAFETY_STOCK,PROG-01,LOW
PK-004,2026-06-22,0,SAFETY_STOCK,PROG-01,LOW
PK-004,2026-06-29,0,SAFETY_STOCK,PROG-01,LOW
PK-005,2026-01-05,0,SAFETY_STOCK,PROG-03,LOW
PK-005,2026-01-12,0,SAFETY_STOCK,PROG-03,LOW
PK-005,2026-01-19,0,SAFETY_STOCK,PROG-03,LOW
PK-005,2026-01-26,0,SAFETY_STOCK,PROG-03,LOW
PK-005,2026-02-02,0,SAFETY_STOCK,PROG-03,LOW
PK-005,2026-02-09,0,SAFETY_STOCK,PROG-03,LOW
PK-005,2026-02-16,0,SAFETY_STOCK,PROG-03,LOW
PK-005,2026-02-23,0,SAFETY_STOCK,PROG-03,LOW
PK-005,2026-03-02,0,SAFETY_STOCK,PROG-03,LOW
PK-005,2026-03-09,0,SAFETY_STOCK,PROG-03,LOW
PK-005,2026-03-16,0,SAFETY_STOCK,PROG-03,LOW
PK-005,2026-03-23,0,SAFETY_STOCK,PROG-03,LOW
PK-005,2026-03-30,0,SAFETY_STOCK,PROG-03,LOW
PK-005,2026-04-06,0,SAFETY_STOCK,PROG-03,LOW
PK-005,2026-04-13,16830,PLANNED_CAMPAIGN,PROG-03,LOW
PK-005,2026-04-20,18870,PLANNED_CAMPAIGN,PROG-03,LOW
PK-005,2026-04-27,0,SAFETY_STOCK,PROG-03,LOW
PK-005,2026-05-04,0,SAFETY_STOCK,PROG-03,LOW
PK-005,2026-05-11,0,SAFETY_STOCK,PROG-03,LOW
PK-005,2026-05-18,0,SAFETY_STOCK,PROG-03,LOW
PK-005,2026-05-25,0,SAFETY_STOCK,PROG-03,LOW
PK-005,2026-06-01,0,SAFETY_STOCK,PROG-03,LOW
PK-005,2026-06-08,0,SAFETY_STOCK,PROG-03,LOW
PK-005,2026-06-15,0,SAFETY_STOCK,PROG-03,LOW
PK-005,2026-06-22,0,SAFETY_STOCK,PROG-03,LOW
PK-005,2026-06-29,0,SAFETY_STOCK,PROG-03,LOW
PK-006,2026-01-05,0,SAFETY_STOCK,PROG-02,LOW
PK-006,2026-01-12,0,SAFETY_STOCK,PROG-02,LOW
PK-006,2026-01-19,29070,PRODUCTION,PROG-02,HIGH
PK-006,2026-01-26,32130,PRODUCTION,PROG-02,HIGH
PK-006,2026-02-02,0,SAFETY_STOCK,PROG-02,LOW
PK-006,2026-02-09,0,SAFETY_STOCK,PROG-02,LOW
PK-006,2026-02-16,0,SAFETY_STOCK,PROG-02,LOW
PK-006,2026-02-23,0,SAFETY_STOCK,PROG-02,LOW
PK-006,2026-03-02,0,SAFETY_STOCK,PROG-02,LOW
PK-006,2026-03-09,0,SAFETY_STOCK,PROG-02,LOW
PK-006,2026-03-16,0,SAFETY_STOCK,PROG-02,LOW
PK-006,2026-03-23,0,SAFETY_STOCK,PROG-02,LOW
PK-006,2026-03-30,0,SAFETY_STOCK,PROG-02,LOW
PK-006,2026-04-06,0,SAFETY_STOCK,PROG-02,LOW
PK-006,2026-04-13,0,SAFETY_STOCK,PROG-02,LOW
PK-006,2026-04-20,0,SAFETY_STOCK,PROG-02,LOW
PK-006,2026-04-27,0,SAFETY_STOCK,PROG-02,LOW
PK-006,2026-05-04,0,SAFETY_STOCK,PROG-02,LOW
PK-006,2026-05-11,0,SAFETY_STOCK,PROG-02,LOW
PK-006,2026-05-18,0,SAFETY_STOCK,PROG-02,LOW
PK-006,2026-05-25,28050,PLANNED_CAMPAIGN,PROG-02,HIGH
PK-006,2026-06-01,32130,PLANNED_CAMPAIGN,PROG-02,HIGH
PK-006,2026-06-08,28050,PLANNED_CAMPAIGN,PROG-02,HIGH
PK-006,2026-06-15,0,SAFETY_STOCK,PROG-02,LOW
PK-006,2026-06-22,0,SAFETY_STOCK,PROG-02,LOW
PK-006,2026-06-29,0,SAFETY_STOCK,PROG-02,LOW
PK-007,2026-01-05,0,SAFETY_STOCK,PROG-01,LOW
PK-007,2026-01-12,0,SAFETY_STOCK,PROG-01,LOW
PK-007,2026-01-19,0,SAFETY_STOCK,PROG-01,LOW
PK-007,2026-01-26,0,SAFETY_STOCK,PROG-01,LOW
PK-007,2026-02-02,0,SAFETY_STOCK,PROG-01,LOW
PK-007,2026-02-09,0,SAFETY_STOCK,PROG-01,LOW
PK-007,2026-02-16,0,SAFETY_STOCK,PROG-01,LOW
PK-007,2026-02-23,0,SAFETY_STOCK,PROG-01,LOW
PK-007,2026-03-02,22950,PLANNED_CAMPAIGN,PROG-01,MEDIUM
PK-007,2026-03-09,25500,PLANNED_CAMPAIGN,PROG-01,MEDIUM
PK-007,2026-03-16,26010,PLANNED_CAMPAIGN,PROG-01,MEDIUM
PK-007,2026-03-23,0,SAFETY_STOCK,PROG-01,LOW
PK-007,2026-03-30,0,SAFETY_STOCK,PROG-01,LOW
PK-007,2026-04-06,0,SAFETY_STOCK,PROG-01,LOW
PK-007,2026-04-13,0,SAFETY_STOCK,PROG-01,LOW
PK-007,2026-04-20,0,SAFETY_STOCK,PROG-01,LOW
PK-007,2026-04-27,0,SAFETY_STOCK,PROG-01,LOW
PK-007,2026-05-04,0,SAFETY_STOCK,PROG-01,LOW
PK-007,2026-05-11,0,SAFETY_STOCK,PROG-01,LOW
PK-007,2026-05-18,0,SAFETY_STOCK,PROG-01,LOW
PK-007,2026-05-25,0,SAFETY_STOCK,PROG-01,LOW
PK-007,2026-06-01,0,SAFETY_STOCK,PROG-01,LOW
PK-007,2026-06-08,0,SAFETY_STOCK,PROG-01,LOW
PK-007,2026-06-15,0,SAFETY_STOCK,PROG-01,LOW
PK-007,2026-06-22,0,SAFETY_STOCK,PROG-01,LOW
PK-007,2026-06-29,0,SAFETY_STOCK,PROG-01,LOW
PK-008,2026-01-05,0,SAFETY_STOCK,PROG-02,LOW
PK-008,2026-01-12,0,SAFETY_STOCK,PROG-02,LOW
PK-008,2026-01-19,29070,PRODUCTION,PROG-02,HIGH
PK-008,2026-01-26,32130,PRODUCTION,PROG-02,HIGH
PK-008,2026-02-02,0,SAFETY_STOCK,PROG-02,LOW
PK-008,2026-02-09,0,SAFETY_STOCK,PROG-02,LOW
PK-008,2026-02-16,0,SAFETY_STOCK,PROG-02,LOW
PK-008,2026-02-23,0,SAFETY_STOCK,PROG-02,LOW
PK-008,2026-03-02,0,SAFETY_STOCK,PROG-02,LOW
PK-008,2026-03-09,0,SAFETY_STOCK,PROG-02,LOW
PK-008,2026-03-16,0,SAFETY_STOCK,PROG-02,LOW
PK-008,2026-03-23,0,SAFETY_STOCK,PROG-02,LOW
PK-008,2026-03-30,0,SAFETY_STOCK,PROG-02,LOW
PK-008,2026-04-06,0,SAFETY_STOCK,PROG-02,LOW
PK-008,2026-04-13,0,SAFETY_STOCK,PROG-02,LOW
PK-008,2026-04-20,0,SAFETY_STOCK,PROG-02,LOW
PK-008,2026-04-27,0,SAFETY_STOCK,PROG-02,LOW
PK-008,2026-05-04,0,SAFETY_STOCK,PROG-02,LOW
PK-008,2026-05-11,0,SAFETY_STOCK,PROG-02,LOW
PK-008,2026-05-18,0,SAFETY_STOCK,PROG-02,LOW
PK-008,2026-05-25,28050,PLANNED_CAMPAIGN,PROG-02,HIGH
PK-008,2026-06-01,32130,PLANNED_CAMPAIGN,PROG-02,HIGH
PK-008,2026-06-08,28050,PLANNED_CAMPAIGN,PROG-02,HIGH
PK-008,2026-06-15,0,SAFETY_STOCK,PROG-02,LOW
PK-008,2026-06-22,0,SAFETY_STOCK,PROG-02,LOW
PK-008,2026-06-29,0,SAFETY_STOCK,PROG-02,LOW
PK-009,2026-01-05,0,SAFETY_STOCK,PROG-01,LOW
PK-009,2026-01-12,0,SAFETY_STOCK,PROG-01,LOW
PK-009,2026-01-19,0,SAFETY_STOCK,PROG-01,LOW
PK-009,2026-01-26,0,SAFETY_STOCK,PROG-01,LOW
PK-009,2026-02-02,0,SAFETY_STOCK,PROG-01,LOW
PK-009,2026-02-09,0,SAFETY_STOCK,PROG-01,LOW
PK-009,2026-02-16,0,SAFETY_STOCK,PROG-01,LOW
PK-009,2026-02-23,0,SAFETY_STOCK,PROG-01,LOW
PK-009,2026-03-02,23625,PLANNED_CAMPAIGN,PROG-01,HIGH
PK-009,2026-03-09,26250,PLANNED_CAMPAIGN,PROG-01,HIGH
PK-009,2026-03-16,26775,PLANNED_CAMPAIGN,PROG-01,HIGH
PK-009,2026-03-23,0,SAFETY_STOCK,PROG-01,LOW
PK-009,2026-03-30,0,SAFETY_STOCK,PROG-01,LOW
PK-009,2026-04-06,0,SAFETY_STOCK,PROG-01,LOW
PK-009,2026-04-13,0,SAFETY_STOCK,PROG-01,LOW
PK-009,2026-04-20,0,SAFETY_STOCK,PROG-01,LOW
PK-009,2026-04-27,0,SAFETY_STOCK,PROG-01,LOW
PK-009,2026-05-04,0,SAFETY_STOCK,PROG-01,LOW
PK-009,2026-05-11,0,SAFETY_STOCK,PROG-01,LOW
PK-009,2026-05-18,0,SAFETY_STOCK,PROG-01,LOW
PK-009,2026-05-25,0,SAFETY_STOCK,PROG-01,LOW
PK-009,2026-06-01,0,SAFETY_STOCK,PROG-01,LOW
PK-009,2026-06-08,0,SAFETY_STOCK,PROG-01,LOW
PK-009,2026-06-15,0,SAFETY_STOCK,PROG-01,LOW
PK-009,2026-06-22,0,SAFETY_STOCK,PROG-01,LOW
PK-009,2026-06-29,0,SAFETY_STOCK,PROG-01,LOW
PK-010,2026-01-05,0,SAFETY_STOCK,PROG-03,LOW
PK-010,2026-01-12,0,SAFETY_STOCK,PROG-03,LOW
PK-010,2026-01-19,0,SAFETY_STOCK,PROG-03,LOW
PK-010,2026-01-26,0,SAFETY_STOCK,PROG-03,LOW
PK-010,2026-02-02,0,SAFETY_STOCK,PROG-03,LOW
PK-010,2026-02-09,0,SAFETY_STOCK,PROG-03,LOW
PK-010,2026-02-16,0,SAFETY_STOCK,PROG-03,LOW
PK-010,2026-02-23,0,SAFETY_STOCK,PROG-03,LOW
PK-010,2026-03-02,0,SAFETY_STOCK,PROG-03,LOW
PK-010,2026-03-09,0,SAFETY_STOCK,PROG-03,LOW
PK-010,2026-03-16,0,SAFETY_STOCK,PROG-03,LOW
PK-010,2026-03-23,0,SAFETY_STOCK,PROG-03,LOW
PK-010,2026-03-30,0,SAFETY_STOCK,PROG-03,LOW
PK-010,2026-04-06,0,SAFETY_STOCK,PROG-03,LOW
PK-010,2026-04-13,17325,PLANNED_CAMPAIGN,PROG-03,LOW
PK-010,2026-04-20,19425,PLANNED_CAMPAIGN,PROG-03,LOW
PK-010,2026-04-27,0,SAFETY_STOCK,PROG-03,LOW
PK-010,2026-05-04,0,SAFETY_STOCK,PROG-03,LOW
PK-010,2026-05-11,0,SAFETY_STOCK,PROG-03,LOW
PK-010,2026-05-18,0,SAFETY_STOCK,PROG-03,LOW
PK-010,2026-05-25,0,SAFETY_STOCK,PROG-03,LOW
PK-010,2026-06-01,0,SAFETY_STOCK,PROG-03,LOW
PK-010,2026-06-08,0,SAFETY_STOCK,PROG-03,LOW
PK-010,2026-06-15,0,SAFETY_STOCK,PROG-03,LOW
PK-010,2026-06-22,0,SAFETY_STOCK,PROG-03,LOW
PK-010,2026-06-29,0,SAFETY_STOCK,PROG-03,LOW
PK-011,2026-01-05,0,SAFETY_STOCK,PROG-01,LOW
PK-011,2026-01-12,0,SAFETY_STOCK,PROG-01,LOW
PK-011,2026-01-19,0,SAFETY_STOCK,PROG-01,LOW
PK-011,2026-01-26,0,SAFETY_STOCK,PROG-01,LOW
PK-011,2026-02-02,0,SAFETY_STOCK,PROG-01,LOW
PK-011,2026-02-09,0,SAFETY_STOCK,PROG-01,LOW
PK-011,2026-02-16,0,SAFETY_STOCK,PROG-01,LOW
PK-011,2026-02-23,0,SAFETY_STOCK,PROG-01,LOW
PK-011,2026-03-02,45000,PLANNED_CAMPAIGN,PROG-01,MEDIUM
PK-011,2026-03-09,50000,PLANNED_CAMPAIGN,PROG-01,MEDIUM
PK-011,2026-03-16,51000,PLANNED_CAMPAIGN,PROG-01,MEDIUM
PK-011,2026-03-23,0,SAFETY_STOCK,PROG-03,LOW
PK-011,2026-03-30,0,SAFETY_STOCK,PROG-03,LOW
PK-011,2026-04-06,0,SAFETY_STOCK,PROG-03,LOW
PK-011,2026-04-13,33000,PLANNED_CAMPAIGN,PROG-03,LOW
PK-011,2026-04-20,37000,PLANNED_CAMPAIGN,PROG-03,LOW
PK-011,2026-04-27,0,SAFETY_STOCK,PROG-03,LOW
PK-011,2026-05-04,0,SAFETY_STOCK,PROG-03,LOW
PK-011,2026-05-11,0,SAFETY_STOCK,PROG-03,LOW
PK-011,2026-05-18,0,SAFETY_STOCK,PROG-03,LOW
PK-011,2026-05-25,0,SAFETY_STOCK,PROG-03,LOW
PK-011,2026-06-01,0,SAFETY_STOCK,PROG-03,LOW
PK-011,2026-06-08,0,SAFETY_STOCK,PROG-03,LOW
PK-011,2026-06-15,0,SAFETY_STOCK,PROG-03,LOW
PK-011,2026-06-22,0,SAFETY_STOCK,PROG-03,LOW
PK-011,2026-06-29,0,SAFETY_STOCK,PROG-03,LOW
PK-012,2026-01-05,0,SAFETY_STOCK,PROG-02,LOW
PK-012,2026-01-12,0,SAFETY_STOCK,PROG-02,LOW
PK-012,2026-01-19,28500,PRODUCTION,PROG-02,MEDIUM
PK-012,2026-01-26,31500,PRODUCTION,PROG-02,MEDIUM
PK-012,2026-02-02,0,SAFETY_STOCK,PROG-01,LOW
PK-012,2026-02-09,0,SAFETY_STOCK,PROG-01,LOW
PK-012,2026-02-16,0,SAFETY_STOCK,PROG-01,LOW
PK-012,2026-02-23,0,SAFETY_STOCK,PROG-01,LOW
PK-012,2026-03-02,22500,PLANNED_CAMPAIGN,PROG-01,MEDIUM
PK-012,2026-03-09,25000,PLANNED_CAMPAIGN,PROG-01,MEDIUM
PK-012,2026-03-16,25500,PLANNED_CAMPAIGN,PROG-01,MEDIUM
PK-012,2026-03-23,0,SAFETY_STOCK,PROG-03,LOW
PK-012,2026-03-30,0,SAFETY_STOCK,PROG-03,LOW
PK-012,2026-04-06,0,SAFETY_STOCK,PROG-03,LOW
PK-012,2026-04-13,16500,PLANNED_CAMPAIGN,PROG-03,LOW
PK-012,2026-04-20,18500,PLANNED_CAMPAIGN,PROG-03,LOW
PK-012,2026-04-27,0,SAFETY_STOCK,PROG-02,LOW
PK-012,2026-05-04,0,SAFETY_STOCK,PROG-02,LOW
PK-012,2026-05-11,0,SAFETY_STOCK,PROG-02,LOW
PK-012,2026-05-18,0,SAFETY_STOCK,PROG-02,LOW
PK-012,2026-05-25,27500,PLANNED_CAMPAIGN,PROG-02,MEDIUM
PK-012,2026-06-01,31500,PLANNED_CAMPAIGN,PROG-02,MEDIUM
PK-012,2026-06-08,27500,PLANNED_CAMPAIGN,PROG-02,MEDIUM
PK-012,2026-06-15,0,SAFETY_STOCK,PROG-02,LOW
PK-012,2026-06-22,0,SAFETY_STOCK,PROG-02,LOW
PK-012,2026-06-29,0,SAFETY_STOCK,PROG-02,LOW
PK-013,2026-01-05,0,SAFETY_STOCK,PROG-01,LOW
PK-013,2026-01-12,0,SAFETY_STOCK,PROG-01,LOW
PK-013,2026-01-19,0,SAFETY_STOCK,PROG-01,LOW
PK-013,2026-01-26,0,SAFETY_STOCK,PROG-01,LOW
PK-013,2026-02-02,0,SAFETY_STOCK,PROG-01,LOW
PK-013,2026-02-09,0,SAFETY_STOCK,PROG-01,LOW
PK-013,2026-02-16,0,SAFETY_STOCK,PROG-01,LOW
PK-013,2026-02-23,0,SAFETY_STOCK,PROG-01,LOW
PK-013,2026-03-02,22500,PLANNED_CAMPAIGN,PROG-01,MEDIUM
PK-013,2026-03-09,25000,PLANNED_CAMPAIGN,PROG-01,MEDIUM
PK-013,2026-03-16,25500,PLANNED_CAMPAIGN,PROG-01,MEDIUM
PK-013,2026-03-23,0,SAFETY_STOCK,PROG-03,LOW
PK-013,2026-03-30,0,SAFETY_STOCK,PROG-03,LOW
PK-013,2026-04-06,0,SAFETY_STOCK,PROG-03,LOW
PK-013,2026-04-13,16500,PLANNED_CAMPAIGN,PROG-03,LOW
PK-013,2026-04-20,18500,PLANNED_CAMPAIGN,PROG-03,LOW
PK-013,2026-04-27,0,SAFETY_STOCK,PROG-03,LOW
PK-013,2026-05-04,0,SAFETY_STOCK,PROG-03,LOW
PK-013,2026-05-11,0,SAFETY_STOCK,PROG-03,LOW
PK-013,2026-05-18,0,SAFETY_STOCK,PROG-03,LOW
PK-013,2026-05-25,0,SAFETY_STOCK,PROG-03,LOW
PK-013,2026-06-01,0,SAFETY_STOCK,PROG-03,LOW
PK-013,2026-06-08,0,SAFETY_STOCK,PROG-03,LOW
PK-013,2026-06-15,0,SAFETY_STOCK,PROG-03,LOW
PK-013,2026-06-22,0,SAFETY_STOCK,PROG-03,LOW
PK-013,2026-06-29,0,SAFETY_STOCK,PROG-03,LOW
PK-014,2026-01-05,0,SAFETY_STOCK,PROG-01,LOW
PK-014,2026-01-12,0,SAFETY_STOCK,PROG-01,LOW
PK-014,2026-01-19,0,SAFETY_STOCK,PROG-01,LOW
PK-014,2026-01-26,0,SAFETY_STOCK,PROG-01,LOW
PK-014,2026-02-02,0,SAFETY_STOCK,PROG-01,LOW
PK-014,2026-02-09,0,SAFETY_STOCK,PROG-01,LOW
PK-014,2026-02-16,0,SAFETY_STOCK,PROG-01,LOW
PK-014,2026-02-23,0,SAFETY_STOCK,PROG-01,LOW
PK-014,2026-03-02,2250,PLANNED_CAMPAIGN,PROG-01,MEDIUM
PK-014,2026-03-09,2500,PLANNED_CAMPAIGN,PROG-01,MEDIUM
PK-014,2026-03-16,2550,PLANNED_CAMPAIGN,PROG-01,MEDIUM
PK-014,2026-03-23,0,SAFETY_STOCK,PROG-03,LOW
PK-014,2026-03-30,0,SAFETY_STOCK,PROG-03,LOW
PK-014,2026-04-06,0,SAFETY_STOCK,PROG-03,LOW
PK-014,2026-04-13,1650,PLANNED_CAMPAIGN,PROG-03,LOW
PK-014,2026-04-20,1850,PLANNED_CAMPAIGN,PROG-03,LOW
PK-014,2026-04-27,0,SAFETY_STOCK,PROG-03,LOW
PK-014,2026-05-04,0,SAFETY_STOCK,PROG-03,LOW
PK-014,2026-05-11,0,SAFETY_STOCK,PROG-03,LOW
PK-014,2026-05-18,0,SAFETY_STOCK,PROG-03,LOW
PK-014,2026-05-25,0,SAFETY_STOCK,PROG-03,LOW
PK-014,2026-06-01,0,SAFETY_STOCK,PROG-03,LOW
PK-014,2026-06-08,0,SAFETY_STOCK,PROG-03,LOW
PK-014,2026-06-15,0,SAFETY_STOCK,PROG-03,LOW
PK-014,2026-06-22,0,SAFETY_STOCK,PROG-03,LOW
PK-014,2026-06-29,0,SAFETY_STOCK,PROG-03,LOW
PK-015,2026-01-05,0,SAFETY_STOCK,PROG-02,LOW
PK-015,2026-01-12,0,SAFETY_STOCK,PROG-02,LOW
PK-015,2026-01-19,95,PRODUCTION,PROG-02,MEDIUM
PK-015,2026-01-26,105,PRODUCTION,PROG-02,MEDIUM
PK-015,2026-02-02,0,SAFETY_STOCK,PROG-01,LOW
PK-015,2026-02-09,0,SAFETY_STOCK,PROG-01,LOW
PK-015,2026-02-16,0,SAFETY_STOCK,PROG-01,LOW
PK-015,2026-02-23,0,SAFETY_STOCK,PROG-01,LOW
PK-015,2026-03-02,75,PLANNED_CAMPAIGN,PROG-01,MEDIUM
PK-015,2026-03-09,84,PLANNED_CAMPAIGN,PROG-01,MEDIUM
PK-015,2026-03-16,85,PLANNED_CAMPAIGN,PROG-01,MEDIUM
PK-015,2026-03-23,0,SAFETY_STOCK,PROG-03,LOW
PK-015,2026-03-30,0,SAFETY_STOCK,PROG-03,LOW
PK-015,2026-04-06,0,SAFETY_STOCK,PROG-03,LOW
PK-015,2026-04-13,55,PLANNED_CAMPAIGN,PROG-03,LOW
PK-015,2026-04-20,62,PLANNED_CAMPAIGN,PROG-03,LOW
PK-015,2026-04-27,0,SAFETY_STOCK,PROG-02,LOW
PK-015,2026-05-04,0,SAFETY_STOCK,PROG-02,LOW
PK-015,2026-05-11,0,SAFETY_STOCK,PROG-02,LOW
PK-015,2026-05-18,0,SAFETY_STOCK,PROG-02,LOW
PK-015,2026-05-25,92,PLANNED_CAMPAIGN,PROG-02,MEDIUM
PK-015,2026-06-01,105,PLANNED_CAMPAIGN,PROG-02,MEDIUM
PK-015,2026-06-08,92,PLANNED_CAMPAIGN,PROG-02,MEDIUM
PK-015,2026-06-15,0,SAFETY_STOCK,PROG-02,LOW
PK-015,2026-06-22,0,SAFETY_STOCK,PROG-02,LOW
PK-015,2026-06-29,0,SAFETY_STOCK,PROG-02,LOW
